0,"[2.54994933e+02 5.82575924e-02 4.79733736e-01 2.55000000e+02
 0.00000000e+00 1.00000000e+00 2.55000000e+02 0.00000000e+00
 1.00000000e+00 2.54980000e+02 1.79588753e-01 2.77159215e-01
 2.53823967e+02 1.70625047e+00 8.03109939e-01 2.14379200e+02
 2.98632205e+01 9.59128162e-01 7.94926000e+01 3.17896531e+01
 1.15189212e+00 6.77981667e+01 6.22869460e+00 9.96949053e-01
 7.69200333e+01 8.58380862e+00 1.00973862e+00 9.04145333e+01
 6.23193101e+00 9.85451762e-01 9.88266667e+01 2.12496931e+01
 1.09942086e+00 1.87928067e+02 6.54082007e+01 9.36718259e-01
 2.55000000e+02 0.00000000e+00 1.00000000e+00 2.55000000e+02
 0.00000000e+00 1.00000000e+00 2.55000000e+02 0.00000000e+00
 1.00000000e+00 2.55000000e+02 0.00000000e+00 1.00000000e+00
 2.55000000e+02 0.00000000e+00 1.00000000e+00 2.55000000e+02
 0.00000000e+00 1.00000000e+00 2.55000000e+02 0.00000000e+00
 1.00000000e+00 2.55000000e+02 0.00000000e+00 1.00000000e+00
 2.54939100e+02 2.56906309e-01 4.77103887e-01 2.22327567e+02
 3.00092506e+01 9.43028311e-01 7.17468000e+01 2.71752584e+01
 1.17598756e+00 6.66199667e+01 7.52145526e+00 9.97516678e-01
 7.58283667e+01 7.50293496e+00 1.02941795e+00 8.96400667e+01
 7.90406357e+00 9.96909611e-01 8.39038667e+01 2.41401092e+01
 9.06175834e-01 1.27106833e+02 6.28667283e+01 1.12025592e+00
 2.53941633e+02 8.01510916e+00 5.16204014e-01 2.55000000e+02
 0.00000000e+00 1.00000000e+00 2.55000000e+02 0.00000000e+00
 1.00000000e+00 2.55000000e+02 0.00000000e+00 1.00000000e+00
 2.55000000e+02 0.00000000e+00 1.00000000e+00 2.55000000e+02
 0.00000000e+00 1.00000000e+00 2.55000000e+02 0.00000000e+00
 1.00000000e+00 2.55000000e+02 0.00000000e+00 1.00000000e+00
 2.55000000e+02 0.00000000e+00 1.00000000e+00 2.37719333e+02
 2.11896544e+01 8.78714540e-01 7.16478000e+01 3.25508365e+01
 1.26862226e+00 5.84009667e+01 9.58614088e+00 1.01367903e+00
 7.11576667e+01 1.04130255e+01 1.01333363e+00 7.86073667e+01
 9.51649438e+00 9.99810934e-01 8.14607333e+01 2.50186056e+01
 8.42436229e-01 8.24183667e+01 3.58747658e+01 1.00985287e+00
 2.24975667e+02 4.78593756e+01 7.40217830e-01 2.55000000e+02
 0.00000000e+00 1.00000000e+00 2.55000000e+02 0.00000000e+00
 1.00000000e+00 2.55000000e+02 0.00000000e+00 1.00000000e+00
 2.55000000e+02 0.00000000e+00 1.00000000e+00 2.55000000e+02
 0.00000000e+00 1.00000000e+00 2.55000000e+02 0.00000000e+00
 1.00000000e+00 2.55000000e+02 0.00000000e+00 1.00000000e+00
 2.55000000e+02 0.00000000e+00 1.00000000e+00 2.47850233e+02
 1.10014161e+01 7.91010843e-01 8.63633333e+01 4.35218604e+01
 1.13560846e+00 6.02551667e+01 2.00151880e+01 9.64579305e-01
 6.96111667e+01 1.84935803e+01 9.75572119e-01 7.22940333e+01
 2.45005726e+01 1.00318824e+00 9.30162000e+01 2.72159299e+01
 1.01654716e+00 1.25495133e+02 5.14884777e+01 9.69908198e-01
 1.83170833e+02 6.54399316e+01 9.75778744e-01 2.54450700e+02
 3.30608741e+00 8.35252884e-01 2.55000000e+02 0.00000000e+00
 1.00000000e+00 2.55000000e+02 0.00000000e+00 1.00000000e+00
 2.55000000e+02 0.00000000e+00 1.00000000e+00 2.55000000e+02
 0.00000000e+00 1.00000000e+00 2.55000000e+02 0.00000000e+00
 1.00000000e+00 2.55000000e+02 0.00000000e+00 1.00000000e+00
 2.55000000e+02 0.00000000e+00 1.00000000e+00 2.49759700e+02
 1.23582397e+01 7.49084458e-01 9.11139000e+01 3.96922585e+01
 1.11773278e+00 6.57036667e+01 2.29091381e+01 9.57071700e-01
 6.79836667e+01 2.70004948e+01 9.37739547e-01 8.19255000e+01
 2.79682852e+01 9.63034366e-01 8.37752333e+01 2.42823355e+01
 1.05065180e+00 1.97877400e+02 5.35440009e+01 8.78541736e-01
 2.19380233e+02 1.81293681e+01 1.02529728e+00 2.54147900e+02
 4.18811321e+00 8.63075501e-01 2.55000000e+02 0.00000000e+00
 1.00000000e+00 2.55000000e+02 0.00000000e+00 1.00000000e+00
 2.55000000e+02 0.00000000e+00 1.00000000e+00 2.55000000e+02
 0.00000000e+00 1.00000000e+00 2.55000000e+02 0.00000000e+00
 1.00000000e+00 2.55000000e+02 0.00000000e+00 1.00000000e+00
 2.55000000e+02 0.00000000e+00 1.00000000e+00 2.49609800e+02
 1.55582812e+01 5.92427133e-01 9.93470667e+01 2.76769738e+01
 1.04401247e+00 8.52727333e+01 2.78436662e+01 1.01797366e+00
 6.52713667e+01 3.14247259e+01 9.91557560e-01 1.01798333e+02
 3.39157454e+01 9.92874826e-01 9.19896333e+01 4.08704221e+01
 1.08505877e+00 2.12971100e+02 5.57003537e+01 8.86622384e-01
 2.54321433e+02 4.25892299e+00 8.11730938e-01 2.54998900e+02
 4.45833925e-02 6.69650473e-01 2.55000000e+02 0.00000000e+00
 1.00000000e+00 2.55000000e+02 0.00000000e+00 1.00000000e+00
 2.55000000e+02 0.00000000e+00 1.00000000e+00 2.55000000e+02
 0.00000000e+00 1.00000000e+00 2.55000000e+02 0.00000000e+00
 1.00000000e+00 2.55000000e+02 0.00000000e+00 1.00000000e+00
 2.55000000e+02 0.00000000e+00 1.00000000e+00 2.51291333e+02
 1.21309696e+01 6.34040553e-01 1.54233100e+02 4.18318292e+01
 9.80561659e-01 1.15426300e+02 4.36205292e+01 1.07235035e+00
 8.46045667e+01 3.24343823e+01 1.01047673e+00 1.37267367e+02
 4.02566784e+01 1.02929108e+00 1.34910700e+02 6.46169193e+01
 1.01375772e+00 1.83063600e+02 7.11061733e+01 9.73550631e-01
 2.55000000e+02 0.00000000e+00 1.00000000e+00 2.54979600e+02
 5.31654380e-01 1.36494208e-02 2.55000000e+02 0.00000000e+00
 1.00000000e+00 2.55000000e+02 0.00000000e+00 1.00000000e+00
 2.55000000e+02 0.00000000e+00 1.00000000e+00 2.55000000e+02
 0.00000000e+00 1.00000000e+00 2.55000000e+02 0.00000000e+00
 1.00000000e+00 2.55000000e+02 0.00000000e+00 1.00000000e+00
 2.55000000e+02 0.00000000e+00 1.00000000e+00 2.54276967e+02
 3.67389749e+00 7.81290587e-01 2.26286500e+02 1.92828946e+01
 6.72085949e-01 1.46073333e+02 5.51557209e+01 1.04906030e+00
 1.29167633e+02 4.76397959e+01 9.74051403e-01 1.48912367e+02
 5.90305947e+01 1.03932620e+00 2.09056033e+02 4.87026908e+01
 7.80983052e-01 2.08003633e+02 5.90120955e+01 9.03773144e-01
 2.55000000e+02 0.00000000e+00 1.00000000e+00 2.55000000e+02
 0.00000000e+00 1.00000000e+00 2.55000000e+02 0.00000000e+00
 1.00000000e+00 2.55000000e+02 0.00000000e+00 1.00000000e+00
 2.55000000e+02 0.00000000e+00 1.00000000e+00 2.55000000e+02
 0.00000000e+00 1.00000000e+00 2.55000000e+02 0.00000000e+00
 1.00000000e+00 2.55000000e+02 0.00000000e+00 1.00000000e+00
 2.55000000e+02 0.00000000e+00 1.00000000e+00 2.55000000e+02
 0.00000000e+00 1.00000000e+00 2.54585633e+02 2.97881884e+00
 1.43973683e-01 2.08889267e+02 3.49193895e+01 7.55751219e-01
 2.04950867e+02 4.15075540e+01 7.93935209e-01 1.94508933e+02
 5.83434330e+01 9.46403608e-01 2.45378300e+02 1.91569225e+01
 9.35682262e-01 2.39690100e+02 2.10139413e+01 9.68021001e-01
 2.55000000e+02 0.00000000e+00 1.00000000e+00 2.55000000e+02
 0.00000000e+00 1.00000000e+00 2.55000000e+02 0.00000000e+00
 1.00000000e+00 2.55000000e+02 0.00000000e+00 1.00000000e+00
 2.55000000e+02 0.00000000e+00 1.00000000e+00 2.55000000e+02
 0.00000000e+00 1.00000000e+00 2.55000000e+02 0.00000000e+00
 1.00000000e+00 2.55000000e+02 0.00000000e+00 1.00000000e+00
 2.55000000e+02 0.00000000e+00 1.00000000e+00 2.55000000e+02
 0.00000000e+00 1.00000000e+00 2.54997967e+02 5.04014881e-02
 6.72593866e-01 2.49679633e+02 1.24362364e+01 9.30775838e-01
 2.44099100e+02 1.74023342e+01 9.46383006e-01 2.42068333e+02
 1.72945206e+01 9.72437220e-01 2.55000000e+02 0.00000000e+00
 1.00000000e+00 2.54995233e+02 1.11530094e-01 3.68576269e-01
 2.55000000e+02 0.00000000e+00 1.00000000e+00 2.55000000e+02
 0.00000000e+00 1.00000000e+00 2.55000000e+02 0.00000000e+00
 1.00000000e+00 2.55000000e+02 0.00000000e+00 1.00000000e+00
 2.55000000e+02 0.00000000e+00 1.00000000e+00 2.55000000e+02
 0.00000000e+00 1.00000000e+00 2.55000000e+02 0.00000000e+00
 1.00000000e+00 2.55000000e+02 0.00000000e+00 1.00000000e+00
 2.55000000e+02 0.00000000e+00 1.00000000e+00 2.55000000e+02
 0.00000000e+00 1.00000000e+00 2.55000000e+02 0.00000000e+00
 1.00000000e+00 2.55000000e+02 0.00000000e+00 1.00000000e+00
 2.55000000e+02 0.00000000e+00 1.00000000e+00 2.54985633e+02
 4.22154175e-01 8.60680698e-03 2.55000000e+02 0.00000000e+00
 1.00000000e+00 2.55000000e+02 0.00000000e+00 1.00000000e+00
 2.55000000e+02 0.00000000e+00 1.00000000e+00 2.55000000e+02
 0.00000000e+00 1.00000000e+00 2.55000000e+02 0.00000000e+00
 1.00000000e+00 2.55000000e+02 0.00000000e+00 1.00000000e+00
 2.55000000e+02 0.00000000e+00 1.00000000e+00 2.55000000e+02
 0.00000000e+00 1.00000000e+00 2.55000000e+02 0.00000000e+00
 1.00000000e+00 2.55000000e+02 0.00000000e+00 1.00000000e+00
 2.55000000e+02 0.00000000e+00 1.00000000e+00 2.55000000e+02
 0.00000000e+00 1.00000000e+00 2.55000000e+02 0.00000000e+00
 1.00000000e+00 2.55000000e+02 0.00000000e+00 1.00000000e+00
 2.55000000e+02 0.00000000e+00 1.00000000e+00 2.55000000e+02
 0.00000000e+00 1.00000000e+00 2.55000000e+02 0.00000000e+00
 1.00000000e+00 2.55000000e+02 0.00000000e+00 1.00000000e+00
 2.55000000e+02 0.00000000e+00 1.00000000e+00 2.55000000e+02
 0.00000000e+00 1.00000000e+00 2.55000000e+02 0.00000000e+00
 1.00000000e+00 2.55000000e+02 0.00000000e+00 1.00000000e+00]"
1,"[2.54997733e+02 3.76441821e-02 7.13999446e-01 2.54994933e+02
 5.22482961e-02 7.70963445e-01 2.54885467e+02 3.60662626e-01
 6.85824490e-01 2.54011933e+02 9.57351561e-01 8.87979681e-01
 2.48477700e+02 5.01298824e+00 8.78225143e-01 1.86445733e+02
 4.61629807e+01 9.46845027e-01 1.32727833e+02 9.52583039e+00
 9.95215780e-01 1.35280367e+02 1.69760027e+01 9.65954716e-01
 1.62312533e+02 6.81744095e+00 9.26682856e-01 1.68902867e+02
 1.34920930e+01 9.73501676e-01 2.08215833e+02 2.94437329e+01
 1.06349058e+00 2.55000000e+02 0.00000000e+00 1.00000000e+00
 2.55000000e+02 0.00000000e+00 1.00000000e+00 2.55000000e+02
 0.00000000e+00 1.00000000e+00 2.55000000e+02 0.00000000e+00
 1.00000000e+00 2.55000000e+02 0.00000000e+00 1.00000000e+00
 2.55000000e+02 0.00000000e+00 1.00000000e+00 2.55000000e+02
 0.00000000e+00 1.00000000e+00 2.55000000e+02 0.00000000e+00
 1.00000000e+00 2.54803800e+02 4.73953317e-01 7.68606043e-01
 2.43124233e+02 1.32321268e+01 7.87270110e-01 1.30681633e+02
 2.72315938e+01 1.19399405e+00 1.39639100e+02 6.63908277e+00
 9.79284447e-01 1.53981300e+02 1.30082436e+01 9.17134932e-01
 1.66392700e+02 6.34313300e+00 9.71264927e-01 1.75409567e+02
 1.08976339e+01 9.49973775e-01 1.97093700e+02 2.58258029e+01
 1.12743736e+00 2.54993100e+02 8.25102755e-02 7.16331082e-01
 2.55000000e+02 0.00000000e+00 1.00000000e+00 2.55000000e+02
 0.00000000e+00 1.00000000e+00 2.55000000e+02 0.00000000e+00
 1.00000000e+00 2.55000000e+02 0.00000000e+00 1.00000000e+00
 2.55000000e+02 0.00000000e+00 1.00000000e+00 2.55000000e+02
 0.00000000e+00 1.00000000e+00 2.55000000e+02 0.00000000e+00
 1.00000000e+00 2.54901700e+02 3.40068328e-01 6.11360104e-01
 2.17606433e+02 4.63013718e+01 8.60038300e-01 1.14053433e+02
 2.75433955e+01 9.28975140e-01 1.38941500e+02 7.31074480e+00
 1.03472776e+00 1.57084033e+02 6.34056438e+00 9.47384943e-01
 1.69235533e+02 8.67271650e+00 9.56990583e-01 1.74832300e+02
 8.51275851e+00 9.76101648e-01 1.97047567e+02 2.61438726e+01
 1.05789081e+00 2.54680600e+02 1.66783468e+00 8.47123005e-01
 2.55000000e+02 0.00000000e+00 1.00000000e+00 2.55000000e+02
 0.00000000e+00 1.00000000e+00 2.55000000e+02 0.00000000e+00
 1.00000000e+00 2.55000000e+02 0.00000000e+00 1.00000000e+00
 2.55000000e+02 0.00000000e+00 1.00000000e+00 2.55000000e+02
 0.00000000e+00 1.00000000e+00 2.55000000e+02 0.00000000e+00
 1.00000000e+00 2.54793533e+02 6.04563157e-01 6.05750484e-01
 1.91626433e+02 5.72159130e+01 9.71928218e-01 1.07218867e+02
 2.65841663e+01 9.78217372e-01 1.39661200e+02 1.31884346e+01
 9.99819377e-01 1.55825800e+02 8.04822660e+00 9.06340241e-01
 1.70160067e+02 1.20621486e+01 9.04250527e-01 1.75303867e+02
 2.00016124e+01 8.84361291e-01 1.89506167e+02 3.47965073e+01
 1.01162699e+00 2.54326467e+02 2.63161074e+00 8.84044187e-01
 2.55000000e+02 0.00000000e+00 1.00000000e+00 2.55000000e+02
 0.00000000e+00 1.00000000e+00 2.55000000e+02 0.00000000e+00
 1.00000000e+00 2.55000000e+02 0.00000000e+00 1.00000000e+00
 2.55000000e+02 0.00000000e+00 1.00000000e+00 2.55000000e+02
 0.00000000e+00 1.00000000e+00 2.55000000e+02 0.00000000e+00
 1.00000000e+00 2.54331267e+02 3.26730986e+00 6.81116233e-01
 1.75176033e+02 4.48521818e+01 1.05961684e+00 1.32422233e+02
 2.36352824e+01 9.93615915e-01 1.51988033e+02 2.01323452e+01
 1.04144476e+00 1.50215367e+02 3.11393386e+01 8.62164705e-01
 1.70195400e+02 3.34072657e+01 8.59597377e-01 1.73457533e+02
 3.58438017e+01 9.06828545e-01 1.74970900e+02 3.95761328e+01
 1.04253299e+00 2.50159233e+02 9.30083861e+00 6.25239643e-01
 2.55000000e+02 0.00000000e+00 1.00000000e+00 2.55000000e+02
 0.00000000e+00 1.00000000e+00 2.55000000e+02 0.00000000e+00
 1.00000000e+00 2.55000000e+02 0.00000000e+00 1.00000000e+00
 2.55000000e+02 0.00000000e+00 1.00000000e+00 2.55000000e+02
 0.00000000e+00 1.00000000e+00 2.55000000e+02 0.00000000e+00
 1.00000000e+00 2.54986033e+02 1.25990951e-01 5.24892430e-01
 2.44317900e+02 2.14108667e+01 7.23375223e-01 2.14985000e+02
 2.15454611e+01 9.22604244e-01 1.59689700e+02 2.60926756e+01
 1.03062047e+00 1.51642767e+02 2.39932914e+01 9.16403282e-01
 1.74150067e+02 2.97552194e+01 8.80482878e-01 1.79638400e+02
 2.50300460e+01 1.00558407e+00 1.79685300e+02 4.10635533e+01
 1.00625798e+00 2.42316867e+02 1.75065672e+01 8.26613718e-01
 2.55000000e+02 0.00000000e+00 1.00000000e+00 2.55000000e+02
 0.00000000e+00 1.00000000e+00 2.55000000e+02 0.00000000e+00
 1.00000000e+00 2.55000000e+02 0.00000000e+00 1.00000000e+00
 2.55000000e+02 0.00000000e+00 1.00000000e+00 2.55000000e+02
 0.00000000e+00 1.00000000e+00 2.55000000e+02 0.00000000e+00
 1.00000000e+00 2.55000000e+02 0.00000000e+00 1.00000000e+00
 2.54480100e+02 1.14885313e+00 5.48077767e-01 2.39092767e+02
 8.06247370e+00 9.49115219e-01 1.60607500e+02 2.89071290e+01
 1.05142428e+00 1.49234467e+02 2.31561757e+01 9.95666898e-01
 1.73607233e+02 2.32814980e+01 9.45457812e-01 1.75837300e+02
 2.57953123e+01 9.90796045e-01 2.03950367e+02 4.08210095e+01
 9.57911810e-01 2.20079367e+02 3.05664407e+01 9.68215316e-01
 2.55000000e+02 0.00000000e+00 1.00000000e+00 2.55000000e+02
 0.00000000e+00 1.00000000e+00 2.55000000e+02 0.00000000e+00
 1.00000000e+00 2.55000000e+02 0.00000000e+00 1.00000000e+00
 2.55000000e+02 0.00000000e+00 1.00000000e+00 2.55000000e+02
 0.00000000e+00 1.00000000e+00 2.55000000e+02 0.00000000e+00
 1.00000000e+00 2.55000000e+02 0.00000000e+00 1.00000000e+00
 2.54884600e+02 3.87807733e-01 7.54697620e-01 2.42415267e+02
 7.03426990e+00 9.88714902e-01 1.72510300e+02 3.36557480e+01
 1.03051491e+00 1.58559500e+02 2.49768435e+01 9.98668831e-01
 1.88385500e+02 2.21006093e+01 9.84401449e-01 1.76210000e+02
 3.18210445e+01 1.00691786e+00 2.29618500e+02 3.67134129e+01
 8.77013229e-01 2.27556167e+02 3.62971573e+01 9.02669266e-01
 2.55000000e+02 0.00000000e+00 1.00000000e+00 2.55000000e+02
 0.00000000e+00 1.00000000e+00 2.55000000e+02 0.00000000e+00
 1.00000000e+00 2.55000000e+02 0.00000000e+00 1.00000000e+00
 2.55000000e+02 0.00000000e+00 1.00000000e+00 2.55000000e+02
 0.00000000e+00 1.00000000e+00 2.55000000e+02 0.00000000e+00
 1.00000000e+00 2.55000000e+02 0.00000000e+00 1.00000000e+00
 2.54969067e+02 1.27011880e-01 8.67426922e-01 2.46886533e+02
 5.16741232e+00 9.67603316e-01 1.83301433e+02 4.24333513e+01
 1.02041573e+00 1.68469267e+02 3.52688652e+01 1.01554532e+00
 1.71167233e+02 3.39366740e+01 1.04582276e+00 1.75509767e+02
 3.63805566e+01 1.02032116e+00 2.44094900e+02 1.67599477e+01
 6.54459621e-01 2.55000000e+02 0.00000000e+00 1.00000000e+00
 2.55000000e+02 0.00000000e+00 1.00000000e+00 2.55000000e+02
 0.00000000e+00 1.00000000e+00 2.55000000e+02 0.00000000e+00
 1.00000000e+00 2.55000000e+02 0.00000000e+00 1.00000000e+00
 2.55000000e+02 0.00000000e+00 1.00000000e+00 2.55000000e+02
 0.00000000e+00 1.00000000e+00 2.55000000e+02 0.00000000e+00
 1.00000000e+00 2.55000000e+02 0.00000000e+00 1.00000000e+00
 2.54997333e+02 2.96947433e-02 7.71924284e-01 2.54113067e+02
 1.85789907e+00 7.74347553e-01 2.37692733e+02 3.55152612e+01
 8.04166438e-01 2.23361333e+02 4.36097133e+01 8.79626964e-01
 1.86503533e+02 4.35801949e+01 1.02520532e+00 2.27221933e+02
 4.48001913e+01 8.75596138e-01 2.51776200e+02 1.01304180e+01
 3.42682541e-01 2.55000000e+02 0.00000000e+00 1.00000000e+00
 2.55000000e+02 0.00000000e+00 1.00000000e+00 2.55000000e+02
 0.00000000e+00 1.00000000e+00 2.55000000e+02 0.00000000e+00
 1.00000000e+00 2.55000000e+02 0.00000000e+00 1.00000000e+00
 2.55000000e+02 0.00000000e+00 1.00000000e+00 2.55000000e+02
 0.00000000e+00 1.00000000e+00 2.55000000e+02 0.00000000e+00
 1.00000000e+00 2.55000000e+02 0.00000000e+00 1.00000000e+00
 2.55000000e+02 0.00000000e+00 1.00000000e+00 2.55000000e+02
 0.00000000e+00 1.00000000e+00 2.55000000e+02 0.00000000e+00
 1.00000000e+00 2.54976000e+02 5.80633371e-01 6.80172060e-01
 2.52315433e+02 1.34860817e+01 7.12029699e-01 2.55000000e+02
 0.00000000e+00 1.00000000e+00 2.55000000e+02 0.00000000e+00
 1.00000000e+00 2.55000000e+02 0.00000000e+00 1.00000000e+00
 2.55000000e+02 0.00000000e+00 1.00000000e+00 2.55000000e+02
 0.00000000e+00 1.00000000e+00 2.55000000e+02 0.00000000e+00
 1.00000000e+00 2.55000000e+02 0.00000000e+00 1.00000000e+00
 2.55000000e+02 0.00000000e+00 1.00000000e+00 2.55000000e+02
 0.00000000e+00 1.00000000e+00 2.55000000e+02 0.00000000e+00
 1.00000000e+00 2.55000000e+02 0.00000000e+00 1.00000000e+00
 2.55000000e+02 0.00000000e+00 1.00000000e+00 2.55000000e+02
 0.00000000e+00 1.00000000e+00 2.55000000e+02 0.00000000e+00
 1.00000000e+00 2.55000000e+02 0.00000000e+00 1.00000000e+00
 2.55000000e+02 0.00000000e+00 1.00000000e+00 2.55000000e+02
 0.00000000e+00 1.00000000e+00 2.55000000e+02 0.00000000e+00
 1.00000000e+00 2.55000000e+02 0.00000000e+00 1.00000000e+00
 2.55000000e+02 0.00000000e+00 1.00000000e+00 2.55000000e+02
 0.00000000e+00 1.00000000e+00 2.55000000e+02 0.00000000e+00
 1.00000000e+00 2.55000000e+02 0.00000000e+00 1.00000000e+00]"
2,"[2.55000000e+02 0.00000000e+00 1.00000000e+00 2.55000000e+02
 0.00000000e+00 1.00000000e+00 2.54999530e+02 9.07291622e-03
 9.32019486e-01 2.52854670e+02 6.24887017e+00 8.74397065e-01
 2.11669967e+02 2.43874138e+01 8.14310052e-01 1.52463144e+02
 3.44506795e+01 1.04844470e+00 1.50855252e+02 1.24952684e+01
 9.50697840e-01 1.64109589e+02 1.35690798e+01 1.00476870e+00
 1.86177111e+02 1.79386690e+01 1.05830269e+00 2.21667104e+02
 1.65992468e+01 8.80678089e-01 2.50119170e+02 8.69437816e+00
 9.65911568e-01 2.55000000e+02 0.00000000e+00 1.00000000e+00
 2.55000000e+02 0.00000000e+00 1.00000000e+00 2.54979659e+02
 2.82127467e-01 6.91359776e-01 2.54971526e+02 5.45345105e-01
 6.72463719e-01 2.55000000e+02 0.00000000e+00 1.00000000e+00
 2.55000000e+02 0.00000000e+00 1.00000000e+00 2.55000000e+02
 0.00000000e+00 1.00000000e+00 2.55000000e+02 0.00000000e+00
 1.00000000e+00 2.54561485e+02 1.46573268e+00 8.69181370e-01
 2.16046137e+02 2.63941536e+01 8.55463203e-01 1.55971359e+02
 1.55505403e+01 1.04329830e+00 1.58411130e+02 7.59064812e+00
 9.76088861e-01 1.65730585e+02 9.44106882e+00 1.01038044e+00
 1.79775730e+02 1.48187178e+01 1.00966707e+00 2.04001515e+02
 1.76616542e+01 9.34279527e-01 2.41719541e+02 1.30739156e+01
 9.44205472e-01 2.52475656e+02 4.90970797e+00 9.79428600e-01
 2.53911848e+02 2.69753833e+00 9.74545145e-01 2.54996563e+02
 1.08667478e-01 8.89842978e-01 2.54999837e+02 7.30950751e-03
 9.26195026e-01 2.54993937e+02 1.82616113e-01 8.16377499e-01
 2.55000000e+02 0.00000000e+00 1.00000000e+00 2.55000000e+02
 0.00000000e+00 1.00000000e+00 2.55000000e+02 0.00000000e+00
 1.00000000e+00 2.53412648e+02 4.97990478e+00 9.56321955e-01
 2.08840026e+02 2.66650106e+01 9.38480275e-01 1.59618663e+02
 1.19613125e+01 9.95011491e-01 1.60702311e+02 8.08257475e+00
 1.00486021e+00 1.64857981e+02 7.78682863e+00 9.80144031e-01
 1.69952148e+02 1.47229800e+01 1.01068644e+00 1.90004733e+02
 2.48784474e+01 8.07209457e-01 2.37748593e+02 1.54168745e+01
 8.85114674e-01 2.48327085e+02 5.28261591e+00 1.00364794e+00
 2.54138867e+02 2.88210634e+00 9.68794183e-01 2.54981852e+02
 6.55800541e-01 6.68333080e-01 2.55000000e+02 0.00000000e+00
 1.00000000e+00 2.55000000e+02 0.00000000e+00 1.00000000e+00
 2.55000000e+02 0.00000000e+00 1.00000000e+00 2.55000000e+02
 0.00000000e+00 1.00000000e+00 2.55000000e+02 0.00000000e+00
 1.00000000e+00 2.52839589e+02 5.91862311e+00 9.27540260e-01
 2.01744622e+02 3.12186843e+01 9.72216199e-01 1.58032681e+02
 1.20367861e+01 9.61645858e-01 1.61034711e+02 1.17887285e+01
 9.58623837e-01 1.63948348e+02 1.06254058e+01 9.79196419e-01
 1.61779741e+02 1.72568934e+01 8.84491599e-01 1.78873781e+02
 3.54924330e+01 9.36667685e-01 2.37628530e+02 1.59509415e+01
 7.50901487e-01 2.54690104e+02 1.13526798e+00 9.26443531e-01
 2.55000000e+02 0.00000000e+00 1.00000000e+00 2.55000000e+02
 0.00000000e+00 1.00000000e+00 2.54999941e+02 1.48029582e-03
 9.65706324e-01 2.55000000e+02 0.00000000e+00 1.00000000e+00
 2.55000000e+02 0.00000000e+00 1.00000000e+00 2.55000000e+02
 0.00000000e+00 1.00000000e+00 2.55000000e+02 0.00000000e+00
 1.00000000e+00 2.50452733e+02 9.90228878e+00 8.25569956e-01
 2.03510337e+02 2.93196957e+01 9.65265873e-01 1.63896052e+02
 2.38158472e+01 9.28602591e-01 1.56955211e+02 1.60445714e+01
 9.44740503e-01 1.60181000e+02 1.49620872e+01 9.45498461e-01
 1.61674970e+02 2.50951767e+01 9.84308363e-01 1.95815444e+02
 3.90256688e+01 9.45461846e-01 2.30963396e+02 1.93491370e+01
 1.00005727e+00 2.52009215e+02 4.12329204e+00 9.86181868e-01
 2.55000000e+02 0.00000000e+00 1.00000000e+00 2.55000000e+02
 0.00000000e+00 1.00000000e+00 2.55000000e+02 0.00000000e+00
 1.00000000e+00 2.54999100e+02 2.18144536e-02 9.63595798e-01
 2.55000000e+02 0.00000000e+00 1.00000000e+00 2.55000000e+02
 0.00000000e+00 1.00000000e+00 2.55000000e+02 0.00000000e+00
 1.00000000e+00 2.46292648e+02 1.00085719e+01 9.47560979e-01
 2.08264737e+02 3.11640819e+01 9.22137660e-01 1.62713374e+02
 3.39850957e+01 9.59638725e-01 1.54500719e+02 2.88153090e+01
 8.95074497e-01 1.56518456e+02 3.13065420e+01 9.35245417e-01
 1.71656189e+02 3.07151951e+01 1.01518657e+00 2.25002185e+02
 3.00111436e+01 7.50135880e-01 2.46094578e+02 1.75563965e+01
 6.74575064e-01 2.52542352e+02 2.99845650e+00 9.71025095e-01
 2.55000000e+02 0.00000000e+00 1.00000000e+00 2.55000000e+02
 0.00000000e+00 1.00000000e+00 2.55000000e+02 0.00000000e+00
 1.00000000e+00 2.54999011e+02 3.14271154e-02 8.90203451e-01
 2.55000000e+02 0.00000000e+00 1.00000000e+00 2.55000000e+02
 0.00000000e+00 1.00000000e+00 2.54671874e+02 9.22698426e-01
 9.19017491e-01 2.42842552e+02 8.34134089e+00 9.63693000e-01
 2.16134559e+02 2.76995317e+01 8.59510600e-01 1.68871519e+02
 3.68446079e+01 9.84390816e-01 1.56135048e+02 3.74736636e+01
 9.15058652e-01 1.60764926e+02 3.23666828e+01 9.39037873e-01
 1.82712770e+02 3.28306450e+01 9.63749002e-01 2.40243504e+02
 2.53651603e+01 8.33626229e-01 2.54172770e+02 3.13171935e+00
 8.73902192e-01 2.55000000e+02 0.00000000e+00 1.00000000e+00
 2.55000000e+02 0.00000000e+00 1.00000000e+00 2.55000000e+02
 0.00000000e+00 1.00000000e+00 2.55000000e+02 0.00000000e+00
 1.00000000e+00 2.55000000e+02 0.00000000e+00 1.00000000e+00
 2.55000000e+02 0.00000000e+00 1.00000000e+00 2.55000000e+02
 0.00000000e+00 1.00000000e+00 2.53975156e+02 2.65902898e+00
 9.21447839e-01 2.48441915e+02 9.56695914e+00 9.09516076e-01
 2.32559159e+02 2.20023578e+01 7.86573787e-01 1.85461144e+02
 3.44244318e+01 9.60967544e-01 1.57354033e+02 3.18258544e+01
 9.36070996e-01 1.70176085e+02 3.29044346e+01 9.43806170e-01
 2.10995081e+02 3.43308472e+01 9.12093468e-01 2.49058785e+02
 1.19641576e+01 7.68594371e-01 2.55000000e+02 0.00000000e+00
 1.00000000e+00 2.55000000e+02 0.00000000e+00 1.00000000e+00
 2.55000000e+02 0.00000000e+00 1.00000000e+00 2.55000000e+02
 0.00000000e+00 1.00000000e+00 2.54993163e+02 1.81059493e-01
 8.90002914e-01 2.54996722e+02 1.23010309e-01 8.89314838e-01
 2.55000000e+02 0.00000000e+00 1.00000000e+00 2.55000000e+02
 0.00000000e+00 1.00000000e+00 2.55000000e+02 0.00000000e+00
 1.00000000e+00 2.54816537e+02 7.62921029e-01 9.70399711e-01
 2.43637804e+02 1.50629628e+01 8.39198341e-01 2.14173489e+02
 2.85562063e+01 9.12513290e-01 1.73588433e+02 3.47581401e+01
 9.47829592e-01 1.88332133e+02 3.73701452e+01 9.78240307e-01
 2.31890348e+02 2.64074436e+01 7.65587382e-01 2.52210278e+02
 5.85173131e+00 9.43456136e-01 2.55000000e+02 0.00000000e+00
 1.00000000e+00 2.55000000e+02 0.00000000e+00 1.00000000e+00
 2.55000000e+02 0.00000000e+00 1.00000000e+00 2.54999911e+02
 1.81225821e-03 9.67397198e-01 2.55000000e+02 0.00000000e+00
 1.00000000e+00 2.55000000e+02 0.00000000e+00 1.00000000e+00
 2.55000000e+02 0.00000000e+00 1.00000000e+00 2.54999941e+02
 1.48029582e-03 9.65706324e-01 2.55000000e+02 0.00000000e+00
 1.00000000e+00 2.55000000e+02 0.00000000e+00 1.00000000e+00
 2.50928752e+02 1.00562199e+01 8.85360901e-01 2.37459707e+02
 1.37851408e+01 8.33238847e-01 2.08997448e+02 3.21806722e+01
 9.08147332e-01 2.30979237e+02 2.77444875e+01 7.45395282e-01
 2.50233311e+02 8.50139937e+00 8.80333965e-01 2.54935437e+02
 4.41866783e-01 9.42740744e-01 2.54996267e+02 6.63179879e-02
 8.24014956e-01 2.54999822e+02 5.55046031e-03 9.27866423e-01
 2.55000000e+02 0.00000000e+00 1.00000000e+00 2.55000000e+02
 0.00000000e+00 1.00000000e+00 2.55000000e+02 0.00000000e+00
 1.00000000e+00 2.55000000e+02 0.00000000e+00 1.00000000e+00
 2.55000000e+02 0.00000000e+00 1.00000000e+00 2.55000000e+02
 0.00000000e+00 1.00000000e+00 2.55000000e+02 0.00000000e+00
 1.00000000e+00 2.55000000e+02 0.00000000e+00 1.00000000e+00
 2.54924900e+02 5.21301257e-01 9.47861177e-01 2.50988130e+02
 5.72999593e+00 9.47632266e-01 2.47938874e+02 1.13098269e+01
 9.10410254e-01 2.50751819e+02 5.90878757e+00 8.78581317e-01
 2.54630330e+02 1.26771136e+00 9.88779528e-01 2.55000000e+02
 0.00000000e+00 1.00000000e+00 2.54998089e+02 4.45988529e-02
 7.87799492e-01 2.55000000e+02 0.00000000e+00 1.00000000e+00
 2.54996670e+02 1.05298966e-01 8.89407677e-01 2.55000000e+02
 0.00000000e+00 1.00000000e+00 2.55000000e+02 0.00000000e+00
 1.00000000e+00 2.54998593e+02 4.05980037e-02 8.58074430e-01
 2.55000000e+02 0.00000000e+00 1.00000000e+00 2.55000000e+02
 0.00000000e+00 1.00000000e+00 2.54999793e+02 5.16431472e-03
 9.30196874e-01 2.55000000e+02 0.00000000e+00 1.00000000e+00
 2.54998696e+02 3.28395496e-02 8.58315012e-01 2.55000000e+02
 0.00000000e+00 1.00000000e+00 2.54999644e+02 1.04849301e-02
 8.91763139e-01 2.54998848e+02 1.95548954e-02 8.93655447e-01
 2.54995574e+02 1.04203921e-01 7.84033580e-01 2.55000000e+02
 0.00000000e+00 1.00000000e+00 2.54994930e+02 1.23112317e-01
 8.89819870e-01 2.54999685e+02 5.74731751e-03 9.33873969e-01
 2.54999674e+02 5.72471589e-03 9.36346446e-01 2.55000000e+02
 0.00000000e+00 1.00000000e+00 2.55000000e+02 0.00000000e+00
 1.00000000e+00 2.55000000e+02 0.00000000e+00 1.00000000e+00]"
3,"[2.55000000e+02 0.00000000e+00 1.00000000e+00 2.55000000e+02
 0.00000000e+00 1.00000000e+00 2.55000000e+02 0.00000000e+00
 1.00000000e+00 2.55000000e+02 0.00000000e+00 1.00000000e+00
 2.55000000e+02 0.00000000e+00 1.00000000e+00 2.55000000e+02
 0.00000000e+00 1.00000000e+00 2.55000000e+02 0.00000000e+00
 1.00000000e+00 2.55000000e+02 0.00000000e+00 1.00000000e+00
 2.55000000e+02 0.00000000e+00 1.00000000e+00 2.55000000e+02
 0.00000000e+00 1.00000000e+00 1.64972500e+02 8.58433757e+01
 1.00301918e+00 7.18717000e+01 9.00337932e+00 1.31417535e+00
 4.04121000e+01 1.98706334e+01 1.09167650e+00 4.73504000e+01
 5.50396750e+01 1.34961279e+00 3.67675000e+01 2.08205294e+01
 1.51456396e+00 8.20101000e+01 1.93468291e+01 9.63414112e-01
 2.55000000e+02 0.00000000e+00 1.00000000e+00 2.55000000e+02
 0.00000000e+00 1.00000000e+00 2.55000000e+02 0.00000000e+00
 1.00000000e+00 2.55000000e+02 0.00000000e+00 1.00000000e+00
 2.55000000e+02 0.00000000e+00 1.00000000e+00 2.55000000e+02
 0.00000000e+00 1.00000000e+00 2.55000000e+02 0.00000000e+00
 1.00000000e+00 2.55000000e+02 0.00000000e+00 1.00000000e+00
 2.49880300e+02 1.99070784e+01 6.74053597e-01 2.08632400e+02
 4.42098391e+01 1.00521329e+00 1.38665400e+02 3.55725125e+01
 9.27080847e-01 7.86229000e+01 9.45558542e+00 1.07109970e+00
 6.57663000e+01 2.31103545e+01 1.71012215e+00 1.62956100e+02
 8.59885851e+01 9.53658285e-01 1.71139400e+02 8.12694406e+01
 9.32527806e-01 1.62407500e+02 9.31880638e+01 9.86470340e-01
 2.55000000e+02 0.00000000e+00 1.00000000e+00 2.55000000e+02
 0.00000000e+00 1.00000000e+00 2.55000000e+02 0.00000000e+00
 1.00000000e+00 2.55000000e+02 0.00000000e+00 1.00000000e+00
 2.55000000e+02 0.00000000e+00 1.00000000e+00 2.55000000e+02
 0.00000000e+00 1.00000000e+00 2.55000000e+02 0.00000000e+00
 1.00000000e+00 2.35132500e+02 3.56561880e+01 8.73732668e-01
 1.81987700e+02 2.55308431e+01 1.24360888e+00 1.73466700e+02
 4.65880791e+00 9.29078800e-01 1.67384000e+02 1.02953069e+01
 9.50549637e-01 1.12945100e+02 3.44510041e+01 1.03380442e+00
 8.14501000e+01 1.45748588e+01 1.01923202e+00 1.27383000e+02
 8.00312296e+01 1.04344409e+00 2.17912600e+02 5.59270468e+01
 8.49951827e-01 2.55000000e+02 0.00000000e+00 1.00000000e+00
 2.55000000e+02 0.00000000e+00 1.00000000e+00 2.55000000e+02
 0.00000000e+00 1.00000000e+00 2.55000000e+02 0.00000000e+00
 1.00000000e+00 2.55000000e+02 0.00000000e+00 1.00000000e+00
 2.55000000e+02 0.00000000e+00 1.00000000e+00 2.55000000e+02
 0.00000000e+00 1.00000000e+00 2.24010600e+02 4.26529025e+01
 9.29291976e-01 1.60545900e+02 2.58079889e+01 9.39499798e-01
 1.85069700e+02 7.08546695e+00 9.62657054e-01 1.75165500e+02
 7.88978515e+00 1.00149426e+00 1.88881500e+02 7.04354014e+00
 9.97671293e-01 1.83936600e+02 3.09061576e+01 8.83824986e-01
 1.19243700e+02 5.75197558e+01 1.16487745e+00 8.62612000e+01
 5.71389935e+01 1.21402111e+00 2.53254100e+02 1.37048215e+01
 4.14448835e-01 2.55000000e+02 0.00000000e+00 1.00000000e+00
 2.55000000e+02 0.00000000e+00 1.00000000e+00 2.55000000e+02
 0.00000000e+00 1.00000000e+00 2.55000000e+02 0.00000000e+00
 1.00000000e+00 2.55000000e+02 0.00000000e+00 1.00000000e+00
 2.52264100e+02 8.37462544e+00 7.23057023e-01 2.18184400e+02
 4.34860322e+01 9.31877823e-01 1.78490600e+02 2.53564176e+01
 1.03248331e+00 1.54547400e+02 3.79629524e+01 1.02981000e+00
 1.81163700e+02 7.14118354e+00 9.30849285e-01 1.83339700e+02
 6.20400708e+00 9.68531278e-01 1.97032300e+02 1.04385658e+01
 9.93671451e-01 2.21624200e+02 1.61426508e+01 1.05494219e+00
 2.52201600e+02 2.12646551e+01 4.38450997e-01 2.28112900e+02
 5.85320148e+01 8.28063382e-01 2.55000000e+02 0.00000000e+00
 1.00000000e+00 2.55000000e+02 0.00000000e+00 1.00000000e+00
 2.55000000e+02 0.00000000e+00 1.00000000e+00 2.55000000e+02
 0.00000000e+00 1.00000000e+00 2.55000000e+02 0.00000000e+00
 1.00000000e+00 2.55000000e+02 0.00000000e+00 1.00000000e+00
 2.49881500e+02 1.50205945e+01 7.19170954e-01 2.28402300e+02
 2.92020625e+01 9.59503942e-01 2.26103300e+02 2.55022593e+01
 8.89053050e-01 1.62887200e+02 2.11025182e+01 1.17576383e+00
 1.72589600e+02 1.43102890e+01 9.52956767e-01 1.85446500e+02
 1.16046688e+01 9.27702748e-01 2.05369000e+02 1.07741189e+01
 9.45747376e-01 2.35952400e+02 1.68937247e+01 9.72171589e-01
 2.55000000e+02 0.00000000e+00 1.00000000e+00 2.55000000e+02
 0.00000000e+00 1.00000000e+00 2.55000000e+02 0.00000000e+00
 1.00000000e+00 2.55000000e+02 0.00000000e+00 1.00000000e+00
 2.55000000e+02 0.00000000e+00 1.00000000e+00 2.55000000e+02
 0.00000000e+00 1.00000000e+00 2.55000000e+02 0.00000000e+00
 1.00000000e+00 2.55000000e+02 0.00000000e+00 1.00000000e+00
 2.55000000e+02 0.00000000e+00 1.00000000e+00 2.55000000e+02
 0.00000000e+00 1.00000000e+00 2.27487600e+02 3.95432402e+01
 9.15824366e-01 1.65653200e+02 2.79111076e+01 9.47526136e-01
 1.66202100e+02 1.80436209e+01 1.05880177e+00 1.77718100e+02
 1.65358408e+01 1.01623802e+00 1.80216300e+02 2.01058030e+01
 9.71836399e-01 2.37564100e+02 2.19440309e+01 9.17141951e-01
 2.55000000e+02 0.00000000e+00 1.00000000e+00 2.55000000e+02
 0.00000000e+00 1.00000000e+00 2.55000000e+02 0.00000000e+00
 1.00000000e+00 2.55000000e+02 0.00000000e+00 1.00000000e+00
 2.55000000e+02 0.00000000e+00 1.00000000e+00 2.55000000e+02
 0.00000000e+00 1.00000000e+00 2.55000000e+02 0.00000000e+00
 1.00000000e+00 2.55000000e+02 0.00000000e+00 1.00000000e+00
 2.55000000e+02 0.00000000e+00 1.00000000e+00 2.53806000e+02
 9.06392652e+00 4.26163581e-01 1.75915700e+02 3.92839814e+01
 1.08487216e+00 1.98645700e+02 4.03664114e+01 9.90563992e-01
 1.90964600e+02 3.75799833e+01 8.65625737e-01 2.03075700e+02
 2.62988663e+01 9.73792395e-01 1.91122800e+02 3.54732310e+01
 1.09541993e+00 2.41456200e+02 1.87921229e+01 8.94732516e-01
 2.55000000e+02 0.00000000e+00 1.00000000e+00 2.55000000e+02
 0.00000000e+00 1.00000000e+00 2.55000000e+02 0.00000000e+00
 1.00000000e+00 2.55000000e+02 0.00000000e+00 1.00000000e+00
 2.55000000e+02 0.00000000e+00 1.00000000e+00 2.55000000e+02
 0.00000000e+00 1.00000000e+00 2.55000000e+02 0.00000000e+00
 1.00000000e+00 2.55000000e+02 0.00000000e+00 1.00000000e+00
 2.55000000e+02 0.00000000e+00 1.00000000e+00 2.26377800e+02
 3.94562728e+01 9.26893257e-01 1.97232600e+02 3.51158895e+01
 1.04990763e+00 1.71889000e+02 5.06053839e+01 1.07048901e+00
 1.81112100e+02 4.37715060e+01 1.03680843e+00 2.07854100e+02
 4.13390035e+01 9.52428275e-01 2.23601400e+02 4.12301263e+01
 9.31104935e-01 2.21332800e+02 3.68282859e+01 9.41459911e-01
 2.55000000e+02 0.00000000e+00 1.00000000e+00 2.55000000e+02
 0.00000000e+00 1.00000000e+00 2.55000000e+02 0.00000000e+00
 1.00000000e+00 2.55000000e+02 0.00000000e+00 1.00000000e+00
 2.55000000e+02 0.00000000e+00 1.00000000e+00 2.55000000e+02
 0.00000000e+00 1.00000000e+00 2.55000000e+02 0.00000000e+00
 1.00000000e+00 2.55000000e+02 0.00000000e+00 1.00000000e+00
 2.55000000e+02 0.00000000e+00 1.00000000e+00 2.14827200e+02
 3.17552097e+01 1.01942001e+00 2.35506200e+02 3.11084870e+01
 8.80460295e-01 1.86773500e+02 2.56188407e+01 1.06599824e+00
 2.03595500e+02 4.14946078e+01 1.01068952e+00 2.33095700e+02
 2.96970527e+01 8.85520135e-01 2.41290700e+02 2.98667038e+01
 8.29928362e-01 2.22799800e+02 3.14574303e+01 9.58352399e-01
 2.55000000e+02 0.00000000e+00 1.00000000e+00 2.55000000e+02
 0.00000000e+00 1.00000000e+00 2.55000000e+02 0.00000000e+00
 1.00000000e+00 2.55000000e+02 0.00000000e+00 1.00000000e+00
 2.55000000e+02 0.00000000e+00 1.00000000e+00 2.55000000e+02
 0.00000000e+00 1.00000000e+00 2.55000000e+02 0.00000000e+00
 1.00000000e+00 2.55000000e+02 0.00000000e+00 1.00000000e+00
 2.55000000e+02 0.00000000e+00 1.00000000e+00 2.49062300e+02
 1.39691953e+01 7.52383718e-01 2.28577400e+02 4.27470983e+01
 8.95116756e-01 2.05791300e+02 3.87225870e+01 1.02882895e+00
 1.93779900e+02 3.77098297e+01 1.05386556e+00 2.50578400e+02
 1.15488118e+01 7.76527505e-01 2.54462100e+02 6.45501074e+00
 2.51525834e-01 2.33010300e+02 3.12188244e+01 8.97049083e-01
 2.55000000e+02 0.00000000e+00 1.00000000e+00 2.55000000e+02
 0.00000000e+00 1.00000000e+00 2.55000000e+02 0.00000000e+00
 1.00000000e+00 2.55000000e+02 0.00000000e+00 1.00000000e+00
 2.55000000e+02 0.00000000e+00 1.00000000e+00 2.55000000e+02
 0.00000000e+00 1.00000000e+00 2.55000000e+02 0.00000000e+00
 1.00000000e+00 2.55000000e+02 0.00000000e+00 1.00000000e+00
 2.55000000e+02 0.00000000e+00 1.00000000e+00 2.55000000e+02
 0.00000000e+00 1.00000000e+00 2.33552300e+02 3.34341003e+01
 8.81632702e-01 2.40031700e+02 2.77282833e+01 8.14986484e-01
 2.24518400e+02 3.41732799e+01 9.18534220e-01 2.54997100e+02
 7.27433158e-02 4.73058745e-02 2.55000000e+02 0.00000000e+00
 1.00000000e+00 2.55000000e+02 0.00000000e+00 1.00000000e+00
 2.55000000e+02 0.00000000e+00 1.00000000e+00 2.55000000e+02
 0.00000000e+00 1.00000000e+00 2.55000000e+02 0.00000000e+00
 1.00000000e+00 2.55000000e+02 0.00000000e+00 1.00000000e+00]"
4,"[2.55000000e+02 0.00000000e+00 1.00000000e+00 2.55000000e+02
 0.00000000e+00 1.00000000e+00 2.55000000e+02 0.00000000e+00
 1.00000000e+00 2.55000000e+02 0.00000000e+00 1.00000000e+00
 2.55000000e+02 0.00000000e+00 1.00000000e+00 2.55000000e+02
 0.00000000e+00 1.00000000e+00 2.55000000e+02 0.00000000e+00
 1.00000000e+00 2.55000000e+02 0.00000000e+00 1.00000000e+00
 2.55000000e+02 0.00000000e+00 1.00000000e+00 2.55000000e+02
 0.00000000e+00 1.00000000e+00 1.77371300e+02 8.64336661e+01
 9.73427220e-01 7.33978000e+01 1.86450249e+01 1.91912056e+00
 4.14418000e+01 2.07637379e+01 1.09222459e+00 4.32703000e+01
 4.93345218e+01 1.42055728e+00 3.68039000e+01 2.62682440e+01
 1.69983781e+00 8.06151000e+01 2.07143369e+01 9.88686177e-01
 2.55000000e+02 0.00000000e+00 1.00000000e+00 2.55000000e+02
 0.00000000e+00 1.00000000e+00 2.55000000e+02 0.00000000e+00
 1.00000000e+00 2.55000000e+02 0.00000000e+00 1.00000000e+00
 2.55000000e+02 0.00000000e+00 1.00000000e+00 2.55000000e+02
 0.00000000e+00 1.00000000e+00 2.55000000e+02 0.00000000e+00
 1.00000000e+00 2.55000000e+02 0.00000000e+00 1.00000000e+00
 2.51294500e+02 1.71890945e+01 6.21533517e-01 2.13044100e+02
 4.47783380e+01 9.82780202e-01 1.41534100e+02 3.67824909e+01
 9.41666387e-01 7.84496000e+01 1.41059867e+01 1.07942247e+00
 6.47586000e+01 1.73811773e+01 1.49712720e+00 1.48463300e+02
 9.08777963e+01 9.81712069e-01 1.70618200e+02 8.13576907e+01
 9.35885652e-01 1.48817200e+02 9.50398116e+01 1.00953797e+00
 2.55000000e+02 0.00000000e+00 1.00000000e+00 2.55000000e+02
 0.00000000e+00 1.00000000e+00 2.55000000e+02 0.00000000e+00
 1.00000000e+00 2.55000000e+02 0.00000000e+00 1.00000000e+00
 2.55000000e+02 0.00000000e+00 1.00000000e+00 2.55000000e+02
 0.00000000e+00 1.00000000e+00 2.55000000e+02 0.00000000e+00
 1.00000000e+00 2.37370100e+02 3.46863363e+01 8.54663953e-01
 1.83326500e+02 2.83270312e+01 1.21010777e+00 1.72921500e+02
 5.53264293e+00 9.24397194e-01 1.67366100e+02 1.03781343e+01
 9.47589863e-01 1.14913200e+02 3.57038523e+01 1.01012017e+00
 8.11857000e+01 1.77458281e+01 1.08961148e+00 1.22333400e+02
 7.98330536e+01 1.05524407e+00 2.08984000e+02 6.56150756e+01
 8.66522106e-01 2.55000000e+02 0.00000000e+00 1.00000000e+00
 2.55000000e+02 0.00000000e+00 1.00000000e+00 2.55000000e+02
 0.00000000e+00 1.00000000e+00 2.55000000e+02 0.00000000e+00
 1.00000000e+00 2.55000000e+02 0.00000000e+00 1.00000000e+00
 2.55000000e+02 0.00000000e+00 1.00000000e+00 2.55000000e+02
 0.00000000e+00 1.00000000e+00 2.26277900e+02 4.24176740e+01
 9.16065927e-01 1.60323900e+02 2.66637880e+01 9.71745257e-01
 1.84328900e+02 7.51435458e+00 9.39452183e-01 1.74385000e+02
 8.03025373e+00 9.74896582e-01 1.88058900e+02 7.55272340e+00
 9.52163712e-01 1.84561100e+02 2.88163299e+01 8.90488913e-01
 1.18727300e+02 5.56688345e+01 1.15726727e+00 7.89123000e+01
 4.91242589e+01 1.24667498e+00 2.50030900e+02 2.46568478e+01
 5.86946202e-01 2.55000000e+02 0.00000000e+00 1.00000000e+00
 2.55000000e+02 0.00000000e+00 1.00000000e+00 2.55000000e+02
 0.00000000e+00 1.00000000e+00 2.55000000e+02 0.00000000e+00
 1.00000000e+00 2.55000000e+02 0.00000000e+00 1.00000000e+00
 2.52359700e+02 8.46252420e+00 7.13563252e-01 2.18953100e+02
 4.39061055e+01 9.28041668e-01 1.77892000e+02 2.64532292e+01
 1.05654771e+00 1.54240000e+02 4.06256643e+01 1.05503259e+00
 1.80645600e+02 7.69871422e+00 9.21991630e-01 1.82851300e+02
 6.79801356e+00 9.46228158e-01 1.95837800e+02 1.09446376e+01
 9.94902446e-01 2.18967600e+02 1.49241533e+01 1.04554695e+00
 2.52000600e+02 2.05370494e+01 4.35189044e-01 2.24246000e+02
 6.23829935e+01 8.43307488e-01 2.55000000e+02 0.00000000e+00
 1.00000000e+00 2.55000000e+02 0.00000000e+00 1.00000000e+00
 2.55000000e+02 0.00000000e+00 1.00000000e+00 2.55000000e+02
 0.00000000e+00 1.00000000e+00 2.55000000e+02 0.00000000e+00
 1.00000000e+00 2.55000000e+02 0.00000000e+00 1.00000000e+00
 2.49975100e+02 1.46058646e+01 7.18152146e-01 2.27126500e+02
 2.96575976e+01 9.65952871e-01 2.28691500e+02 2.62845112e+01
 8.75540810e-01 1.64385600e+02 2.50460039e+01 1.19533709e+00
 1.72798500e+02 1.47636953e+01 9.46538233e-01 1.84746900e+02
 1.22382450e+01 9.25715434e-01 2.04848800e+02 1.09870350e+01
 9.50538616e-01 2.33949000e+02 1.69144908e+01 9.83892305e-01
 2.55000000e+02 0.00000000e+00 1.00000000e+00 2.55000000e+02
 0.00000000e+00 1.00000000e+00 2.55000000e+02 0.00000000e+00
 1.00000000e+00 2.55000000e+02 0.00000000e+00 1.00000000e+00
 2.55000000e+02 0.00000000e+00 1.00000000e+00 2.55000000e+02
 0.00000000e+00 1.00000000e+00 2.55000000e+02 0.00000000e+00
 1.00000000e+00 2.55000000e+02 0.00000000e+00 1.00000000e+00
 2.55000000e+02 0.00000000e+00 1.00000000e+00 2.55000000e+02
 0.00000000e+00 1.00000000e+00 2.28471400e+02 3.98845431e+01
 9.10496870e-01 1.65506800e+02 2.71881694e+01 9.41167614e-01
 1.65080600e+02 1.79506798e+01 1.06237716e+00 1.76964700e+02
 1.64921513e+01 1.00215756e+00 1.80601200e+02 2.02071165e+01
 9.69474195e-01 2.36043300e+02 2.23964065e+01 9.25345342e-01
 2.55000000e+02 0.00000000e+00 1.00000000e+00 2.55000000e+02
 0.00000000e+00 1.00000000e+00 2.55000000e+02 0.00000000e+00
 1.00000000e+00 2.55000000e+02 0.00000000e+00 1.00000000e+00
 2.55000000e+02 0.00000000e+00 1.00000000e+00 2.55000000e+02
 0.00000000e+00 1.00000000e+00 2.55000000e+02 0.00000000e+00
 1.00000000e+00 2.55000000e+02 0.00000000e+00 1.00000000e+00
 2.55000000e+02 0.00000000e+00 1.00000000e+00 2.53720300e+02
 9.89900338e+00 4.33923301e-01 1.76796400e+02 3.99361985e+01
 1.08513119e+00 1.96944100e+02 4.36120027e+01 9.89982733e-01
 1.90249700e+02 3.83516303e+01 8.65936168e-01 2.01421100e+02
 2.61390049e+01 9.70830663e-01 1.89051400e+02 3.56892779e+01
 1.09727071e+00 2.40873400e+02 1.89445711e+01 9.01826938e-01
 2.55000000e+02 0.00000000e+00 1.00000000e+00 2.55000000e+02
 0.00000000e+00 1.00000000e+00 2.55000000e+02 0.00000000e+00
 1.00000000e+00 2.55000000e+02 0.00000000e+00 1.00000000e+00
 2.55000000e+02 0.00000000e+00 1.00000000e+00 2.55000000e+02
 0.00000000e+00 1.00000000e+00 2.55000000e+02 0.00000000e+00
 1.00000000e+00 2.55000000e+02 0.00000000e+00 1.00000000e+00
 2.55000000e+02 0.00000000e+00 1.00000000e+00 2.25886000e+02
 3.99934170e+01 9.28935532e-01 1.93549900e+02 3.59123754e+01
 1.05601528e+00 1.71793900e+02 5.16074997e+01 1.07346566e+00
 1.80960000e+02 4.52619156e+01 1.03178480e+00 2.08205400e+02
 4.01819936e+01 9.51289935e-01 2.22863300e+02 4.13540665e+01
 9.35239619e-01 2.20427800e+02 3.69835746e+01 9.46676193e-01
 2.55000000e+02 0.00000000e+00 1.00000000e+00 2.55000000e+02
 0.00000000e+00 1.00000000e+00 2.55000000e+02 0.00000000e+00
 1.00000000e+00 2.55000000e+02 0.00000000e+00 1.00000000e+00
 2.55000000e+02 0.00000000e+00 1.00000000e+00 2.55000000e+02
 0.00000000e+00 1.00000000e+00 2.55000000e+02 0.00000000e+00
 1.00000000e+00 2.55000000e+02 0.00000000e+00 1.00000000e+00
 2.55000000e+02 0.00000000e+00 1.00000000e+00 2.10640900e+02
 3.23400456e+01 1.03640104e+00 2.32734600e+02 3.37325386e+01
 8.96388889e-01 1.84587900e+02 2.62093700e+01 1.07109815e+00
 2.00720800e+02 4.31558808e+01 1.01470791e+00 2.31321300e+02
 3.12469433e+01 8.91426754e-01 2.39805000e+02 3.09051286e+01
 8.45898995e-01 2.23125600e+02 3.10548486e+01 9.58038384e-01
 2.55000000e+02 0.00000000e+00 1.00000000e+00 2.55000000e+02
 0.00000000e+00 1.00000000e+00 2.55000000e+02 0.00000000e+00
 1.00000000e+00 2.55000000e+02 0.00000000e+00 1.00000000e+00
 2.55000000e+02 0.00000000e+00 1.00000000e+00 2.55000000e+02
 0.00000000e+00 1.00000000e+00 2.55000000e+02 0.00000000e+00
 1.00000000e+00 2.55000000e+02 0.00000000e+00 1.00000000e+00
 2.55000000e+02 0.00000000e+00 1.00000000e+00 2.46640200e+02
 1.75617466e+01 7.76830180e-01 2.25333600e+02 4.48852015e+01
 9.09110191e-01 2.06074400e+02 3.86302066e+01 1.02714210e+00
 1.92221200e+02 3.71988773e+01 1.05834014e+00 2.50375400e+02
 1.14750980e+01 7.89427736e-01 2.53797700e+02 9.74709058e+00
 4.13404674e-01 2.30850900e+02 3.15736642e+01 9.12801114e-01
 2.55000000e+02 0.00000000e+00 1.00000000e+00 2.55000000e+02
 0.00000000e+00 1.00000000e+00 2.55000000e+02 0.00000000e+00
 1.00000000e+00 2.55000000e+02 0.00000000e+00 1.00000000e+00
 2.55000000e+02 0.00000000e+00 1.00000000e+00 2.55000000e+02
 0.00000000e+00 1.00000000e+00 2.55000000e+02 0.00000000e+00
 1.00000000e+00 2.55000000e+02 0.00000000e+00 1.00000000e+00
 2.55000000e+02 0.00000000e+00 1.00000000e+00 2.55000000e+02
 0.00000000e+00 1.00000000e+00 2.28903200e+02 3.59370760e+01
 9.02535498e-01 2.37270900e+02 3.09040242e+01 8.38712308e-01
 2.22075500e+02 3.40687569e+01 9.28317262e-01 2.54994100e+02
 1.85648027e-01 6.81133461e-03 2.55000000e+02 0.00000000e+00
 1.00000000e+00 2.55000000e+02 0.00000000e+00 1.00000000e+00
 2.55000000e+02 0.00000000e+00 1.00000000e+00 2.55000000e+02
 0.00000000e+00 1.00000000e+00 2.55000000e+02 0.00000000e+00
 1.00000000e+00 2.55000000e+02 0.00000000e+00 1.00000000e+00]"
5,"[2.55000000e+02 0.00000000e+00 1.00000000e+00 2.55000000e+02
 0.00000000e+00 1.00000000e+00 2.55000000e+02 0.00000000e+00
 1.00000000e+00 2.55000000e+02 0.00000000e+00 1.00000000e+00
 2.55000000e+02 0.00000000e+00 1.00000000e+00 2.55000000e+02
 0.00000000e+00 1.00000000e+00 2.55000000e+02 0.00000000e+00
 1.00000000e+00 2.55000000e+02 0.00000000e+00 1.00000000e+00
 2.55000000e+02 0.00000000e+00 1.00000000e+00 2.54606100e+02
 5.30516190e+00 2.03464316e-01 2.23733300e+02 4.58121902e+01
 9.16240177e-01 1.57154300e+02 4.41767619e+01 9.89356452e-01
 8.23423000e+01 2.00575106e+01 1.21994277e+00 6.88977000e+01
 1.16244671e+01 8.88322935e-01 8.70305000e+01 8.33605432e+01
 1.11866626e+00 1.27539400e+02 9.27707812e+01 1.01373102e+00
 2.55000000e+02 0.00000000e+00 1.00000000e+00 2.55000000e+02
 0.00000000e+00 1.00000000e+00 2.55000000e+02 0.00000000e+00
 1.00000000e+00 2.55000000e+02 0.00000000e+00 1.00000000e+00
 2.55000000e+02 0.00000000e+00 1.00000000e+00 2.55000000e+02
 0.00000000e+00 1.00000000e+00 2.55000000e+02 0.00000000e+00
 1.00000000e+00 2.55000000e+02 0.00000000e+00 1.00000000e+00
 2.50537800e+02 2.00028991e+01 6.27704049e-01 1.84974400e+02
 4.24188065e+01 1.10133879e+00 1.70972100e+02 9.10225915e+00
 9.05934410e-01 1.74762200e+02 7.27112448e+00 9.31453914e-01
 1.23337800e+02 3.96824129e+01 9.84427316e-01 7.99762000e+01
 1.36458724e+01 1.02852048e+00 1.42596600e+02 8.57245056e+01
 1.01080122e+00 2.03697100e+02 6.17152554e+01 8.81912896e-01
 2.55000000e+02 0.00000000e+00 1.00000000e+00 2.55000000e+02
 0.00000000e+00 1.00000000e+00 2.55000000e+02 0.00000000e+00
 1.00000000e+00 2.55000000e+02 0.00000000e+00 1.00000000e+00
 2.55000000e+02 0.00000000e+00 1.00000000e+00 2.55000000e+02
 0.00000000e+00 1.00000000e+00 2.55000000e+02 0.00000000e+00
 1.00000000e+00 2.51208200e+02 1.89780466e+01 5.92400206e-01
 1.71859700e+02 4.74209744e+01 1.08425719e+00 1.78116600e+02
 6.61490774e+00 9.31639173e-01 1.75121100e+02 6.10997830e+00
 9.65526413e-01 1.89327800e+02 6.70363686e+00 9.81927143e-01
 1.77254800e+02 3.23922163e+01 8.87388505e-01 8.70882000e+01
 2.48468191e+01 9.98184255e-01 1.01992500e+02 8.12763708e+01
 1.11754719e+00 2.50836400e+02 2.42885412e+01 4.83949358e-01
 2.55000000e+02 0.00000000e+00 1.00000000e+00 2.55000000e+02
 0.00000000e+00 1.00000000e+00 2.55000000e+02 0.00000000e+00
 1.00000000e+00 2.55000000e+02 0.00000000e+00 1.00000000e+00
 2.55000000e+02 0.00000000e+00 1.00000000e+00 2.55000000e+02
 0.00000000e+00 1.00000000e+00 2.55000000e+02 0.00000000e+00
 1.00000000e+00 2.09489000e+02 5.10617595e+01 9.66238056e-01
 1.50042700e+02 2.67635513e+01 9.20450705e-01 1.81036500e+02
 6.06553936e+00 9.47433669e-01 1.83912900e+02 6.01036718e+00
 9.52426960e-01 1.97868700e+02 1.05611108e+01 9.94387068e-01
 2.21883800e+02 1.67699224e+01 1.08279959e+00 2.06857700e+02
 7.56322977e+01 9.00725475e-01 2.07824600e+02 7.45327541e+01
 8.96164040e-01 2.55000000e+02 0.00000000e+00 1.00000000e+00
 2.55000000e+02 0.00000000e+00 1.00000000e+00 2.55000000e+02
 0.00000000e+00 1.00000000e+00 2.55000000e+02 0.00000000e+00
 1.00000000e+00 2.55000000e+02 0.00000000e+00 1.00000000e+00
 2.55000000e+02 0.00000000e+00 1.00000000e+00 2.55000000e+02
 0.00000000e+00 1.00000000e+00 2.40031500e+02 2.53958404e+01
 8.24939422e-01 1.56291200e+02 3.10135197e+01 1.06604956e+00
 1.57077500e+02 1.39279680e+01 8.92048326e-01 1.76299400e+02
 1.37801800e+01 9.33993006e-01 1.86626400e+02 1.10304679e+01
 9.59592415e-01 2.08129000e+02 9.62223254e+00 9.74377968e-01
 2.41007600e+02 1.52862468e+01 9.50706168e-01 2.55000000e+02
 0.00000000e+00 1.00000000e+00 2.55000000e+02 0.00000000e+00
 1.00000000e+00 2.55000000e+02 0.00000000e+00 1.00000000e+00
 2.55000000e+02 0.00000000e+00 1.00000000e+00 2.55000000e+02
 0.00000000e+00 1.00000000e+00 2.55000000e+02 0.00000000e+00
 1.00000000e+00 2.55000000e+02 0.00000000e+00 1.00000000e+00
 2.55000000e+02 0.00000000e+00 1.00000000e+00 2.55000000e+02
 0.00000000e+00 1.00000000e+00 2.46153400e+02 2.20008061e+01
 7.80864559e-01 1.98416000e+02 3.76810290e+01 1.03521769e+00
 1.55210600e+02 2.19896623e+01 8.74092308e-01 1.63682700e+02
 1.62604188e+01 1.00978590e+00 1.77570300e+02 1.62793937e+01
 9.74830675e-01 1.94496300e+02 2.08815322e+01 9.53832134e-01
 2.51434500e+02 9.53354655e+00 7.60171310e-01 2.55000000e+02
 0.00000000e+00 1.00000000e+00 2.55000000e+02 0.00000000e+00
 1.00000000e+00 2.55000000e+02 0.00000000e+00 1.00000000e+00
 2.55000000e+02 0.00000000e+00 1.00000000e+00 2.55000000e+02
 0.00000000e+00 1.00000000e+00 2.55000000e+02 0.00000000e+00
 1.00000000e+00 2.55000000e+02 0.00000000e+00 1.00000000e+00
 2.55000000e+02 0.00000000e+00 1.00000000e+00 2.55000000e+02
 0.00000000e+00 1.00000000e+00 2.55000000e+02 0.00000000e+00
 1.00000000e+00 1.98677200e+02 4.95488103e+01 1.00271745e+00
 1.60040100e+02 3.54850770e+01 8.98347635e-01 1.85606000e+02
 3.48608199e+01 8.58840355e-01 1.89264000e+02 3.29251409e+01
 8.57789085e-01 2.27466900e+02 3.08836219e+01 8.87889384e-01
 2.55000000e+02 0.00000000e+00 1.00000000e+00 2.55000000e+02
 0.00000000e+00 1.00000000e+00 2.55000000e+02 0.00000000e+00
 1.00000000e+00 2.55000000e+02 0.00000000e+00 1.00000000e+00
 2.55000000e+02 0.00000000e+00 1.00000000e+00 2.55000000e+02
 0.00000000e+00 1.00000000e+00 2.55000000e+02 0.00000000e+00
 1.00000000e+00 2.55000000e+02 0.00000000e+00 1.00000000e+00
 2.55000000e+02 0.00000000e+00 1.00000000e+00 2.55000000e+02
 0.00000000e+00 1.00000000e+00 2.55000000e+02 0.00000000e+00
 1.00000000e+00 1.84140400e+02 3.88845662e+01 1.08202463e+00
 1.37948600e+02 3.19904323e+01 9.39147242e-01 1.55188600e+02
 3.55294699e+01 9.39306874e-01 1.77718600e+02 3.89250615e+01
 9.45493789e-01 2.49308300e+02 1.76742030e+01 6.95222586e-01
 2.55000000e+02 0.00000000e+00 1.00000000e+00 2.55000000e+02
 0.00000000e+00 1.00000000e+00 2.55000000e+02 0.00000000e+00
 1.00000000e+00 2.55000000e+02 0.00000000e+00 1.00000000e+00
 2.55000000e+02 0.00000000e+00 1.00000000e+00 2.55000000e+02
 0.00000000e+00 1.00000000e+00 2.55000000e+02 0.00000000e+00
 1.00000000e+00 2.55000000e+02 0.00000000e+00 1.00000000e+00
 2.55000000e+02 0.00000000e+00 1.00000000e+00 2.55000000e+02
 0.00000000e+00 1.00000000e+00 2.55000000e+02 0.00000000e+00
 1.00000000e+00 1.80128400e+02 4.29167463e+01 9.50045167e-01
 1.70083800e+02 3.33393368e+01 8.77703241e-01 1.84543400e+02
 3.59790511e+01 8.57873034e-01 2.23130200e+02 3.61454374e+01
 8.85445382e-01 2.55000000e+02 0.00000000e+00 1.00000000e+00
 2.55000000e+02 0.00000000e+00 1.00000000e+00 2.55000000e+02
 0.00000000e+00 1.00000000e+00 2.55000000e+02 0.00000000e+00
 1.00000000e+00 2.55000000e+02 0.00000000e+00 1.00000000e+00
 2.55000000e+02 0.00000000e+00 1.00000000e+00 2.55000000e+02
 0.00000000e+00 1.00000000e+00 2.55000000e+02 0.00000000e+00
 1.00000000e+00 2.55000000e+02 0.00000000e+00 1.00000000e+00
 2.55000000e+02 0.00000000e+00 1.00000000e+00 2.55000000e+02
 0.00000000e+00 1.00000000e+00 2.55000000e+02 0.00000000e+00
 1.00000000e+00 2.24931700e+02 4.31910249e+01 8.78312265e-01
 1.59746000e+02 3.81151031e+01 9.09861215e-01 2.24597200e+02
 3.27556614e+01 9.47465360e-01 2.53853600e+02 6.30532846e+00
 5.06342022e-01 2.55000000e+02 0.00000000e+00 1.00000000e+00
 2.55000000e+02 0.00000000e+00 1.00000000e+00 2.55000000e+02
 0.00000000e+00 1.00000000e+00 2.55000000e+02 0.00000000e+00
 1.00000000e+00 2.55000000e+02 0.00000000e+00 1.00000000e+00
 2.55000000e+02 0.00000000e+00 1.00000000e+00 2.55000000e+02
 0.00000000e+00 1.00000000e+00 2.55000000e+02 0.00000000e+00
 1.00000000e+00 2.55000000e+02 0.00000000e+00 1.00000000e+00
 2.55000000e+02 0.00000000e+00 1.00000000e+00 2.55000000e+02
 0.00000000e+00 1.00000000e+00 2.55000000e+02 0.00000000e+00
 1.00000000e+00 2.48592800e+02 1.99341965e+01 7.38442249e-01
 2.27080700e+02 3.64377220e+01 8.65505892e-01 2.54354800e+02
 3.64339360e+00 4.77532242e-01 2.55000000e+02 0.00000000e+00
 1.00000000e+00 2.55000000e+02 0.00000000e+00 1.00000000e+00
 2.55000000e+02 0.00000000e+00 1.00000000e+00 2.55000000e+02
 0.00000000e+00 1.00000000e+00 2.55000000e+02 0.00000000e+00
 1.00000000e+00 2.55000000e+02 0.00000000e+00 1.00000000e+00
 2.55000000e+02 0.00000000e+00 1.00000000e+00 2.55000000e+02
 0.00000000e+00 1.00000000e+00 2.55000000e+02 0.00000000e+00
 1.00000000e+00 2.55000000e+02 0.00000000e+00 1.00000000e+00
 2.55000000e+02 0.00000000e+00 1.00000000e+00 2.55000000e+02
 0.00000000e+00 1.00000000e+00 2.55000000e+02 0.00000000e+00
 1.00000000e+00 2.55000000e+02 0.00000000e+00 1.00000000e+00
 2.55000000e+02 0.00000000e+00 1.00000000e+00 2.55000000e+02
 0.00000000e+00 1.00000000e+00 2.55000000e+02 0.00000000e+00
 1.00000000e+00 2.55000000e+02 0.00000000e+00 1.00000000e+00
 2.55000000e+02 0.00000000e+00 1.00000000e+00 2.55000000e+02
 0.00000000e+00 1.00000000e+00 2.55000000e+02 0.00000000e+00
 1.00000000e+00 2.55000000e+02 0.00000000e+00 1.00000000e+00]"
6,"[2.55000000e+02 0.00000000e+00 1.00000000e+00 2.55000000e+02
 0.00000000e+00 1.00000000e+00 2.55000000e+02 0.00000000e+00
 1.00000000e+00 2.55000000e+02 0.00000000e+00 1.00000000e+00
 2.55000000e+02 0.00000000e+00 1.00000000e+00 2.55000000e+02
 0.00000000e+00 1.00000000e+00 2.46536600e+02 2.37882547e+01
 6.59243521e-01 1.27800900e+02 3.13510775e+01 1.11787214e+00
 1.44183400e+02 5.66148076e+00 1.00012401e+00 1.48893100e+02
 4.37251328e+00 9.80709471e-01 1.51068000e+02 4.61867687e+00
 9.93587148e-01 1.57314400e+02 3.06728895e+01 1.04159687e+00
 2.46737600e+02 1.78646340e+01 4.71056289e-01 2.54938000e+02
 3.87499677e-01 4.37875104e-01 2.55000000e+02 0.00000000e+00
 1.00000000e+00 2.55000000e+02 0.00000000e+00 1.00000000e+00
 2.55000000e+02 0.00000000e+00 1.00000000e+00 2.55000000e+02
 0.00000000e+00 1.00000000e+00 2.55000000e+02 0.00000000e+00
 1.00000000e+00 2.55000000e+02 0.00000000e+00 1.00000000e+00
 2.55000000e+02 0.00000000e+00 1.00000000e+00 2.55000000e+02
 0.00000000e+00 1.00000000e+00 2.01014200e+02 6.12799314e+01
 9.39347108e-01 1.17377600e+02 1.82517127e+01 8.95856329e-01
 1.36971500e+02 7.58636196e+00 9.78487218e-01 1.42623600e+02
 1.12955444e+01 9.45144725e-01 1.52341000e+02 6.74485871e+00
 9.65698649e-01 1.86456800e+02 3.78185158e+01 1.09345354e+00
 2.54728500e+02 8.66710880e-01 6.60253816e-01 2.55000000e+02
 0.00000000e+00 1.00000000e+00 2.55000000e+02 0.00000000e+00
 1.00000000e+00 2.55000000e+02 0.00000000e+00 1.00000000e+00
 2.55000000e+02 0.00000000e+00 1.00000000e+00 2.55000000e+02
 0.00000000e+00 1.00000000e+00 2.55000000e+02 0.00000000e+00
 1.00000000e+00 2.55000000e+02 0.00000000e+00 1.00000000e+00
 2.55000000e+02 0.00000000e+00 1.00000000e+00 2.54898600e+02
 7.45733223e-01 3.67315937e-01 1.88068600e+02 3.67140967e+01
 1.02218104e+00 1.22427200e+02 1.50368514e+01 9.22313299e-01
 1.30827500e+02 1.38538783e+01 9.71054060e-01 1.42490700e+02
 1.95511921e+01 1.04401566e+00 1.57914700e+02 1.91726113e+01
 1.10037205e+00 2.14566100e+02 4.29143476e+01 9.61303412e-01
 2.55000000e+02 0.00000000e+00 1.00000000e+00 2.55000000e+02
 0.00000000e+00 1.00000000e+00 2.55000000e+02 0.00000000e+00
 1.00000000e+00 2.55000000e+02 0.00000000e+00 1.00000000e+00
 2.55000000e+02 0.00000000e+00 1.00000000e+00 2.55000000e+02
 0.00000000e+00 1.00000000e+00 2.55000000e+02 0.00000000e+00
 1.00000000e+00 2.55000000e+02 0.00000000e+00 1.00000000e+00
 2.55000000e+02 0.00000000e+00 1.00000000e+00 2.55000000e+02
 0.00000000e+00 1.00000000e+00 2.34331000e+02 2.72114432e+01
 8.66352397e-01 1.55262300e+02 2.46436422e+01 1.10107095e+00
 1.42161200e+02 3.69804815e+01 8.96703694e-01 1.70622400e+02
 5.28752326e+01 9.49250479e-01 1.81086600e+02 3.95387468e+01
 9.29885156e-01 2.48603000e+02 1.76982030e+01 7.58232840e-01
 2.55000000e+02 0.00000000e+00 1.00000000e+00 2.55000000e+02
 0.00000000e+00 1.00000000e+00 2.55000000e+02 0.00000000e+00
 1.00000000e+00 2.55000000e+02 0.00000000e+00 1.00000000e+00
 2.55000000e+02 0.00000000e+00 1.00000000e+00 2.55000000e+02
 0.00000000e+00 1.00000000e+00 2.55000000e+02 0.00000000e+00
 1.00000000e+00 2.55000000e+02 0.00000000e+00 1.00000000e+00
 2.55000000e+02 0.00000000e+00 1.00000000e+00 2.55000000e+02
 0.00000000e+00 1.00000000e+00 2.52982100e+02 5.41174460e+00
 7.27379189e-01 1.42096600e+02 3.15140646e+01 1.15996081e+00
 1.37291300e+02 3.99905519e+01 9.50743503e-01 1.61672700e+02
 5.69766652e+01 9.76076645e-01 1.94799400e+02 4.36344905e+01
 9.69764066e-01 2.54998100e+02 6.24210702e-02 2.03410258e-02
 2.55000000e+02 0.00000000e+00 1.00000000e+00 2.55000000e+02
 0.00000000e+00 1.00000000e+00 2.55000000e+02 0.00000000e+00
 1.00000000e+00 2.55000000e+02 0.00000000e+00 1.00000000e+00
 2.55000000e+02 0.00000000e+00 1.00000000e+00 2.55000000e+02
 0.00000000e+00 1.00000000e+00 2.55000000e+02 0.00000000e+00
 1.00000000e+00 2.55000000e+02 0.00000000e+00 1.00000000e+00
 2.55000000e+02 0.00000000e+00 1.00000000e+00 2.55000000e+02
 0.00000000e+00 1.00000000e+00 2.53824000e+02 5.95607455e+00
 4.38475647e-01 1.45410900e+02 3.80832176e+01 9.10783340e-01
 1.43245100e+02 3.20626017e+01 9.71066531e-01 1.69211700e+02
 3.08295813e+01 9.34061492e-01 2.28616900e+02 3.55532155e+01
 8.93184845e-01 2.55000000e+02 0.00000000e+00 1.00000000e+00
 2.55000000e+02 0.00000000e+00 1.00000000e+00 2.55000000e+02
 0.00000000e+00 1.00000000e+00 2.55000000e+02 0.00000000e+00
 1.00000000e+00 2.55000000e+02 0.00000000e+00 1.00000000e+00
 2.55000000e+02 0.00000000e+00 1.00000000e+00 2.55000000e+02
 0.00000000e+00 1.00000000e+00 2.55000000e+02 0.00000000e+00
 1.00000000e+00 2.55000000e+02 0.00000000e+00 1.00000000e+00
 2.55000000e+02 0.00000000e+00 1.00000000e+00 2.55000000e+02
 0.00000000e+00 1.00000000e+00 2.52917300e+02 1.01078514e+01
 5.25126845e-01 1.49150500e+02 4.31214245e+01 1.01070789e+00
 1.46521400e+02 2.87784319e+01 9.56422580e-01 2.21091000e+02
 3.64372134e+01 9.46800804e-01 2.54529800e+02 3.01680493e+00
 4.69888082e-01 2.55000000e+02 0.00000000e+00 1.00000000e+00
 2.55000000e+02 0.00000000e+00 1.00000000e+00 2.55000000e+02
 0.00000000e+00 1.00000000e+00 2.55000000e+02 0.00000000e+00
 1.00000000e+00 2.55000000e+02 0.00000000e+00 1.00000000e+00
 2.55000000e+02 0.00000000e+00 1.00000000e+00 2.55000000e+02
 0.00000000e+00 1.00000000e+00 2.55000000e+02 0.00000000e+00
 1.00000000e+00 2.55000000e+02 0.00000000e+00 1.00000000e+00
 2.55000000e+02 0.00000000e+00 1.00000000e+00 2.55000000e+02
 0.00000000e+00 1.00000000e+00 2.54999000e+02 3.74032084e-02
 1.25346298e-02 2.15891900e+02 4.18567870e+01 9.13220344e-01
 2.06726400e+02 4.15839313e+01 9.41904319e-01 2.51562500e+02
 1.36622800e+01 6.33691307e-01 2.55000000e+02 0.00000000e+00
 1.00000000e+00 2.55000000e+02 0.00000000e+00 1.00000000e+00
 2.55000000e+02 0.00000000e+00 1.00000000e+00 2.55000000e+02
 0.00000000e+00 1.00000000e+00 2.55000000e+02 0.00000000e+00
 1.00000000e+00 2.55000000e+02 0.00000000e+00 1.00000000e+00
 2.55000000e+02 0.00000000e+00 1.00000000e+00 2.55000000e+02
 0.00000000e+00 1.00000000e+00 2.55000000e+02 0.00000000e+00
 1.00000000e+00 2.55000000e+02 0.00000000e+00 1.00000000e+00
 2.55000000e+02 0.00000000e+00 1.00000000e+00 2.55000000e+02
 0.00000000e+00 1.00000000e+00 2.55000000e+02 0.00000000e+00
 1.00000000e+00 2.54780900e+02 1.73680603e+00 3.44222433e-01
 2.54747400e+02 2.19631356e+00 3.27849651e-01 2.55000000e+02
 0.00000000e+00 1.00000000e+00 2.55000000e+02 0.00000000e+00
 1.00000000e+00 2.55000000e+02 0.00000000e+00 1.00000000e+00
 2.55000000e+02 0.00000000e+00 1.00000000e+00 2.55000000e+02
 0.00000000e+00 1.00000000e+00 2.55000000e+02 0.00000000e+00
 1.00000000e+00 2.55000000e+02 0.00000000e+00 1.00000000e+00
 2.55000000e+02 0.00000000e+00 1.00000000e+00 2.55000000e+02
 0.00000000e+00 1.00000000e+00 2.55000000e+02 0.00000000e+00
 1.00000000e+00 2.55000000e+02 0.00000000e+00 1.00000000e+00
 2.55000000e+02 0.00000000e+00 1.00000000e+00 2.55000000e+02
 0.00000000e+00 1.00000000e+00 2.55000000e+02 0.00000000e+00
 1.00000000e+00 2.55000000e+02 0.00000000e+00 1.00000000e+00
 2.55000000e+02 0.00000000e+00 1.00000000e+00 2.55000000e+02
 0.00000000e+00 1.00000000e+00 2.55000000e+02 0.00000000e+00
 1.00000000e+00 2.55000000e+02 0.00000000e+00 1.00000000e+00
 2.55000000e+02 0.00000000e+00 1.00000000e+00 2.55000000e+02
 0.00000000e+00 1.00000000e+00 2.55000000e+02 0.00000000e+00
 1.00000000e+00 2.55000000e+02 0.00000000e+00 1.00000000e+00
 2.55000000e+02 0.00000000e+00 1.00000000e+00 2.55000000e+02
 0.00000000e+00 1.00000000e+00 2.55000000e+02 0.00000000e+00
 1.00000000e+00 2.55000000e+02 0.00000000e+00 1.00000000e+00
 2.55000000e+02 0.00000000e+00 1.00000000e+00 2.55000000e+02
 0.00000000e+00 1.00000000e+00 2.55000000e+02 0.00000000e+00
 1.00000000e+00 2.55000000e+02 0.00000000e+00 1.00000000e+00
 2.55000000e+02 0.00000000e+00 1.00000000e+00 2.55000000e+02
 0.00000000e+00 1.00000000e+00 2.55000000e+02 0.00000000e+00
 1.00000000e+00 2.55000000e+02 0.00000000e+00 1.00000000e+00
 2.55000000e+02 0.00000000e+00 1.00000000e+00 2.55000000e+02
 0.00000000e+00 1.00000000e+00 2.55000000e+02 0.00000000e+00
 1.00000000e+00 2.55000000e+02 0.00000000e+00 1.00000000e+00
 2.55000000e+02 0.00000000e+00 1.00000000e+00 2.55000000e+02
 0.00000000e+00 1.00000000e+00 2.55000000e+02 0.00000000e+00
 1.00000000e+00 2.55000000e+02 0.00000000e+00 1.00000000e+00
 2.55000000e+02 0.00000000e+00 1.00000000e+00 2.55000000e+02
 0.00000000e+00 1.00000000e+00 2.55000000e+02 0.00000000e+00
 1.00000000e+00 2.55000000e+02 0.00000000e+00 1.00000000e+00
 2.55000000e+02 0.00000000e+00 1.00000000e+00 2.55000000e+02
 0.00000000e+00 1.00000000e+00 2.55000000e+02 0.00000000e+00
 1.00000000e+00 2.55000000e+02 0.00000000e+00 1.00000000e+00
 2.55000000e+02 0.00000000e+00 1.00000000e+00 2.55000000e+02
 0.00000000e+00 1.00000000e+00 2.55000000e+02 0.00000000e+00
 1.00000000e+00 2.55000000e+02 0.00000000e+00 1.00000000e+00]"
7,"[2.55000000e+02 0.00000000e+00 1.00000000e+00 2.55000000e+02
 0.00000000e+00 1.00000000e+00 2.55000000e+02 0.00000000e+00
 1.00000000e+00 2.55000000e+02 0.00000000e+00 1.00000000e+00
 2.55000000e+02 0.00000000e+00 1.00000000e+00 2.55000000e+02
 0.00000000e+00 1.00000000e+00 2.33565600e+02 4.87718233e+01
 7.83439995e-01 1.45545200e+02 3.62361223e+01 1.05388475e+00
 1.20732650e+02 3.06129174e+01 8.75988715e-01 1.47680850e+02
 6.36873227e+00 9.76012761e-01 1.53476400e+02 5.64305352e+00
 9.77319670e-01 1.50897500e+02 2.31126668e+01 8.68342462e-01
 2.12195150e+02 6.76016098e+01 8.56266885e-01 2.54955800e+02
 2.54564396e-01 4.62458395e-01 2.55000000e+02 0.00000000e+00
 1.00000000e+00 2.55000000e+02 0.00000000e+00 1.00000000e+00
 2.55000000e+02 0.00000000e+00 1.00000000e+00 2.55000000e+02
 0.00000000e+00 1.00000000e+00 2.55000000e+02 0.00000000e+00
 1.00000000e+00 2.55000000e+02 0.00000000e+00 1.00000000e+00
 2.55000000e+02 0.00000000e+00 1.00000000e+00 2.41872350e+02
 2.96327643e+01 7.79604668e-01 1.71085800e+02 4.32281776e+01
 1.06203398e+00 1.49207850e+02 2.95717319e+01 9.96244070e-01
 1.25432600e+02 1.34125695e+01 9.74629616e-01 1.41795650e+02
 1.17037236e+01 9.07556634e-01 1.51855350e+02 9.27376334e+00
 9.20975340e-01 1.58668400e+02 9.48514593e+00 9.55038420e-01
 2.37824500e+02 3.12038264e+01 8.60954714e-01 2.55000000e+02
 0.00000000e+00 1.00000000e+00 2.55000000e+02 0.00000000e+00
 1.00000000e+00 2.55000000e+02 0.00000000e+00 1.00000000e+00
 2.55000000e+02 0.00000000e+00 1.00000000e+00 2.55000000e+02
 0.00000000e+00 1.00000000e+00 2.55000000e+02 0.00000000e+00
 1.00000000e+00 2.55000000e+02 0.00000000e+00 1.00000000e+00
 2.55000000e+02 0.00000000e+00 1.00000000e+00 2.53377450e+02
 8.99123776e+00 7.70049318e-01 2.43429600e+02 2.09339371e+01
 8.11572076e-01 1.79978450e+02 2.90792813e+01 9.90591712e-01
 1.42679950e+02 2.01506344e+01 9.54361042e-01 1.36821900e+02
 1.92923475e+01 1.05996506e+00 1.60714900e+02 4.04357532e+01
 1.03589089e+00 1.61406600e+02 3.04667527e+01 1.01657019e+00
 2.48715950e+02 1.80287030e+01 7.34512488e-01 2.55000000e+02
 0.00000000e+00 1.00000000e+00 2.55000000e+02 0.00000000e+00
 1.00000000e+00 2.55000000e+02 0.00000000e+00 1.00000000e+00
 2.55000000e+02 0.00000000e+00 1.00000000e+00 2.55000000e+02
 0.00000000e+00 1.00000000e+00 2.55000000e+02 0.00000000e+00
 1.00000000e+00 2.55000000e+02 0.00000000e+00 1.00000000e+00
 2.55000000e+02 0.00000000e+00 1.00000000e+00 2.55000000e+02
 0.00000000e+00 1.00000000e+00 2.53840900e+02 2.73540584e+00
 7.41035224e-01 1.90997250e+02 5.05302337e+01 9.50049523e-01
 1.44209000e+02 3.48320712e+01 9.62768947e-01 1.58958250e+02
 2.97374691e+01 8.95397047e-01 1.78050150e+02 5.96976320e+01
 9.38016704e-01 1.53201800e+02 5.04288878e+01 1.01253507e+00
 2.52736800e+02 7.92878779e+00 8.44205268e-01 2.55000000e+02
 0.00000000e+00 1.00000000e+00 2.55000000e+02 0.00000000e+00
 1.00000000e+00 2.55000000e+02 0.00000000e+00 1.00000000e+00
 2.55000000e+02 0.00000000e+00 1.00000000e+00 2.55000000e+02
 0.00000000e+00 1.00000000e+00 2.55000000e+02 0.00000000e+00
 1.00000000e+00 2.55000000e+02 0.00000000e+00 1.00000000e+00
 2.55000000e+02 0.00000000e+00 1.00000000e+00 2.55000000e+02
 0.00000000e+00 1.00000000e+00 2.54970850e+02 2.66410008e-01
 2.41436491e-01 1.86525550e+02 5.34239859e+01 1.01586203e+00
 1.43739050e+02 2.56968305e+01 1.03050473e+00 1.42052000e+02
 2.94144011e+01 9.74510436e-01 1.66442800e+02 5.19392478e+01
 9.92895592e-01 1.83558350e+02 4.82750659e+01 1.00517004e+00
 2.54789300e+02 1.61856588e+00 6.92333688e-01 2.55000000e+02
 0.00000000e+00 1.00000000e+00 2.55000000e+02 0.00000000e+00
 1.00000000e+00 2.55000000e+02 0.00000000e+00 1.00000000e+00
 2.55000000e+02 0.00000000e+00 1.00000000e+00 2.55000000e+02
 0.00000000e+00 1.00000000e+00 2.55000000e+02 0.00000000e+00
 1.00000000e+00 2.55000000e+02 0.00000000e+00 1.00000000e+00
 2.55000000e+02 0.00000000e+00 1.00000000e+00 2.55000000e+02
 0.00000000e+00 1.00000000e+00 2.55000000e+02 0.00000000e+00
 1.00000000e+00 1.72499900e+02 4.32675848e+01 1.11506636e+00
 1.70377650e+02 2.56793676e+01 9.94573076e-01 1.78164400e+02
 3.38545842e+01 9.78330148e-01 2.11118700e+02 3.83272147e+01
 9.83287852e-01 2.21672200e+02 4.17419353e+01 9.03610674e-01
 2.55000000e+02 0.00000000e+00 1.00000000e+00 2.55000000e+02
 0.00000000e+00 1.00000000e+00 2.55000000e+02 0.00000000e+00
 1.00000000e+00 2.55000000e+02 0.00000000e+00 1.00000000e+00
 2.55000000e+02 0.00000000e+00 1.00000000e+00 2.55000000e+02
 0.00000000e+00 1.00000000e+00 2.55000000e+02 0.00000000e+00
 1.00000000e+00 2.55000000e+02 0.00000000e+00 1.00000000e+00
 2.55000000e+02 0.00000000e+00 1.00000000e+00 2.55000000e+02
 0.00000000e+00 1.00000000e+00 2.55000000e+02 0.00000000e+00
 1.00000000e+00 2.35920600e+02 2.83313212e+01 8.49227642e-01
 1.82426900e+02 4.63619396e+01 1.00031781e+00 1.83262600e+02
 4.67619957e+01 1.02578246e+00 2.34559050e+02 3.19706562e+01
 8.74168003e-01 2.54998400e+02 4.99743934e-02 5.11484433e-01
 2.55000000e+02 0.00000000e+00 1.00000000e+00 2.55000000e+02
 0.00000000e+00 1.00000000e+00 2.55000000e+02 0.00000000e+00
 1.00000000e+00 2.55000000e+02 0.00000000e+00 1.00000000e+00
 2.55000000e+02 0.00000000e+00 1.00000000e+00 2.55000000e+02
 0.00000000e+00 1.00000000e+00 2.55000000e+02 0.00000000e+00
 1.00000000e+00 2.55000000e+02 0.00000000e+00 1.00000000e+00
 2.55000000e+02 0.00000000e+00 1.00000000e+00 2.55000000e+02
 0.00000000e+00 1.00000000e+00 2.55000000e+02 0.00000000e+00
 1.00000000e+00 2.55000000e+02 0.00000000e+00 1.00000000e+00
 2.41673800e+02 2.57304555e+01 7.92618963e-01 2.49328800e+02
 1.70398477e+01 7.03701802e-01 2.54440400e+02 4.64008832e+00
 3.22601364e-01 2.55000000e+02 0.00000000e+00 1.00000000e+00
 2.55000000e+02 0.00000000e+00 1.00000000e+00 2.55000000e+02
 0.00000000e+00 1.00000000e+00 2.55000000e+02 0.00000000e+00
 1.00000000e+00 2.55000000e+02 0.00000000e+00 1.00000000e+00
 2.55000000e+02 0.00000000e+00 1.00000000e+00 2.55000000e+02
 0.00000000e+00 1.00000000e+00 2.55000000e+02 0.00000000e+00
 1.00000000e+00 2.55000000e+02 0.00000000e+00 1.00000000e+00
 2.55000000e+02 0.00000000e+00 1.00000000e+00 2.55000000e+02
 0.00000000e+00 1.00000000e+00 2.55000000e+02 0.00000000e+00
 1.00000000e+00 2.55000000e+02 0.00000000e+00 1.00000000e+00
 2.55000000e+02 0.00000000e+00 1.00000000e+00 2.55000000e+02
 0.00000000e+00 1.00000000e+00 2.55000000e+02 0.00000000e+00
 1.00000000e+00 2.55000000e+02 0.00000000e+00 1.00000000e+00
 2.55000000e+02 0.00000000e+00 1.00000000e+00 2.55000000e+02
 0.00000000e+00 1.00000000e+00 2.55000000e+02 0.00000000e+00
 1.00000000e+00 2.55000000e+02 0.00000000e+00 1.00000000e+00
 2.55000000e+02 0.00000000e+00 1.00000000e+00 2.55000000e+02
 0.00000000e+00 1.00000000e+00 2.55000000e+02 0.00000000e+00
 1.00000000e+00 2.55000000e+02 0.00000000e+00 1.00000000e+00
 2.55000000e+02 0.00000000e+00 1.00000000e+00 2.55000000e+02
 0.00000000e+00 1.00000000e+00 2.55000000e+02 0.00000000e+00
 1.00000000e+00 2.55000000e+02 0.00000000e+00 1.00000000e+00
 2.55000000e+02 0.00000000e+00 1.00000000e+00 2.55000000e+02
 0.00000000e+00 1.00000000e+00 2.55000000e+02 0.00000000e+00
 1.00000000e+00 2.55000000e+02 0.00000000e+00 1.00000000e+00
 2.55000000e+02 0.00000000e+00 1.00000000e+00 2.54985050e+02
 4.25684102e-01 1.22059366e-02 2.55000000e+02 0.00000000e+00
 1.00000000e+00 2.55000000e+02 0.00000000e+00 1.00000000e+00
 2.55000000e+02 0.00000000e+00 1.00000000e+00 2.55000000e+02
 0.00000000e+00 1.00000000e+00 2.54994200e+02 1.67634268e-01
 2.69905001e-02 2.55000000e+02 0.00000000e+00 1.00000000e+00
 2.55000000e+02 0.00000000e+00 1.00000000e+00 2.55000000e+02
 0.00000000e+00 1.00000000e+00 2.55000000e+02 0.00000000e+00
 1.00000000e+00 2.55000000e+02 0.00000000e+00 1.00000000e+00
 2.55000000e+02 0.00000000e+00 1.00000000e+00 2.55000000e+02
 0.00000000e+00 1.00000000e+00 2.55000000e+02 0.00000000e+00
 1.00000000e+00 2.55000000e+02 0.00000000e+00 1.00000000e+00
 2.55000000e+02 0.00000000e+00 1.00000000e+00 2.55000000e+02
 0.00000000e+00 1.00000000e+00 2.55000000e+02 0.00000000e+00
 1.00000000e+00 2.55000000e+02 0.00000000e+00 1.00000000e+00
 2.55000000e+02 0.00000000e+00 1.00000000e+00 2.55000000e+02
 0.00000000e+00 1.00000000e+00 2.54985150e+02 4.76516833e-01
 1.37298650e-02 2.55000000e+02 0.00000000e+00 1.00000000e+00
 2.55000000e+02 0.00000000e+00 1.00000000e+00 2.55000000e+02
 0.00000000e+00 1.00000000e+00 2.55000000e+02 0.00000000e+00
 1.00000000e+00 2.55000000e+02 0.00000000e+00 1.00000000e+00
 2.55000000e+02 0.00000000e+00 1.00000000e+00 2.55000000e+02
 0.00000000e+00 1.00000000e+00 2.55000000e+02 0.00000000e+00
 1.00000000e+00 2.55000000e+02 0.00000000e+00 1.00000000e+00
 2.55000000e+02 0.00000000e+00 1.00000000e+00 2.55000000e+02
 0.00000000e+00 1.00000000e+00 2.55000000e+02 0.00000000e+00
 1.00000000e+00 2.55000000e+02 0.00000000e+00 1.00000000e+00]"
8,"[2.55000000e+02 0.00000000e+00 1.00000000e+00 2.55000000e+02
 0.00000000e+00 1.00000000e+00 2.55000000e+02 0.00000000e+00
 1.00000000e+00 2.55000000e+02 0.00000000e+00 1.00000000e+00
 2.55000000e+02 0.00000000e+00 1.00000000e+00 2.35425833e+02
 4.41506852e+01 8.23008121e-01 1.50349333e+02 4.65441790e+01
 1.19375817e+00 1.40781200e+02 7.92583283e+00 1.02916126e+00
 1.31246533e+02 5.98581247e+00 9.90767066e-01 1.30031367e+02
 6.44594999e+00 9.95576142e-01 1.29479167e+02 6.51160277e+00
 9.96868902e-01 1.84451467e+02 5.61837102e+01 9.74060946e-01
 2.51954233e+02 5.00370883e+00 8.07003882e-01 2.55000000e+02
 0.00000000e+00 1.00000000e+00 2.55000000e+02 0.00000000e+00
 1.00000000e+00 2.55000000e+02 0.00000000e+00 1.00000000e+00
 2.55000000e+02 0.00000000e+00 1.00000000e+00 2.55000000e+02
 0.00000000e+00 1.00000000e+00 2.55000000e+02 0.00000000e+00
 1.00000000e+00 2.34752300e+02 3.45495733e+01 8.79805504e-01
 1.73507767e+02 4.42207356e+01 1.09361884e+00 1.49524967e+02
 2.13324855e+01 1.24745735e+00 1.17008767e+02 2.50529602e+01
 9.26320358e-01 1.42608733e+02 9.78270501e+00 9.37589356e-01
 1.34623600e+02 7.34982658e+00 9.92955042e-01 1.28702167e+02
 6.23364673e+00 9.81644271e-01 1.33618233e+02 7.00179901e+00
 9.97910868e-01 2.32031300e+02 3.87926213e+01 8.49680202e-01
 2.55000000e+02 0.00000000e+00 1.00000000e+00 2.55000000e+02
 0.00000000e+00 1.00000000e+00 2.55000000e+02 0.00000000e+00
 1.00000000e+00 2.55000000e+02 0.00000000e+00 1.00000000e+00
 2.55000000e+02 0.00000000e+00 1.00000000e+00 2.55000000e+02
 0.00000000e+00 1.00000000e+00 2.55000000e+02 0.00000000e+00
 1.00000000e+00 2.54925433e+02 1.85988071e+00 3.30664979e-02
 2.24103033e+02 4.66058808e+01 8.97090273e-01 2.03997767e+02
 5.37276943e+01 9.44885308e-01 1.66581300e+02 4.86313056e+01
 1.06049577e+00 1.33518400e+02 8.42284509e+00 9.98682136e-01
 1.31794233e+02 8.77500289e+00 9.96145647e-01 1.30622033e+02
 7.20499413e+00 9.75166916e-01 1.43965433e+02 2.11676014e+01
 1.43625858e+00 2.51147333e+02 1.55887749e+01 6.02479987e-01
 2.55000000e+02 0.00000000e+00 1.00000000e+00 2.55000000e+02
 0.00000000e+00 1.00000000e+00 2.55000000e+02 0.00000000e+00
 1.00000000e+00 2.55000000e+02 0.00000000e+00 1.00000000e+00
 2.55000000e+02 0.00000000e+00 1.00000000e+00 2.55000000e+02
 0.00000000e+00 1.00000000e+00 2.55000000e+02 0.00000000e+00
 1.00000000e+00 2.55000000e+02 0.00000000e+00 1.00000000e+00
 2.55000000e+02 0.00000000e+00 1.00000000e+00 2.55000000e+02
 0.00000000e+00 1.00000000e+00 1.83745433e+02 5.66221104e+01
 1.03994299e+00 1.25208400e+02 9.79413525e+00 9.97435888e-01
 1.24103400e+02 9.89089683e+00 9.25122405e-01 1.29067633e+02
 1.06341684e+01 9.40934501e-01 1.68710300e+02 5.34827396e+01
 1.08461892e+00 2.55000000e+02 0.00000000e+00 1.00000000e+00
 2.55000000e+02 0.00000000e+00 1.00000000e+00 2.55000000e+02
 0.00000000e+00 1.00000000e+00 2.55000000e+02 0.00000000e+00
 1.00000000e+00 2.55000000e+02 0.00000000e+00 1.00000000e+00
 2.55000000e+02 0.00000000e+00 1.00000000e+00 2.55000000e+02
 0.00000000e+00 1.00000000e+00 2.55000000e+02 0.00000000e+00
 1.00000000e+00 2.55000000e+02 0.00000000e+00 1.00000000e+00
 2.55000000e+02 0.00000000e+00 1.00000000e+00 2.55000000e+02
 0.00000000e+00 1.00000000e+00 1.87249267e+02 4.09332808e+01
 1.09878276e+00 1.34210100e+02 3.06251999e+01 8.50688450e-01
 1.41417667e+02 4.01614904e+01 1.10513477e+00 1.41617700e+02
 3.36858281e+01 9.18379004e-01 2.20390067e+02 4.44315943e+01
 9.28186852e-01 2.55000000e+02 0.00000000e+00 1.00000000e+00
 2.55000000e+02 0.00000000e+00 1.00000000e+00 2.55000000e+02
 0.00000000e+00 1.00000000e+00 2.55000000e+02 0.00000000e+00
 1.00000000e+00 2.55000000e+02 0.00000000e+00 1.00000000e+00
 2.55000000e+02 0.00000000e+00 1.00000000e+00 2.55000000e+02
 0.00000000e+00 1.00000000e+00 2.55000000e+02 0.00000000e+00
 1.00000000e+00 2.55000000e+02 0.00000000e+00 1.00000000e+00
 2.55000000e+02 0.00000000e+00 1.00000000e+00 2.55000000e+02
 0.00000000e+00 1.00000000e+00 1.65226867e+02 4.68938760e+01
 1.09625042e+00 1.46275900e+02 5.28083792e+01 1.03205614e+00
 1.58663933e+02 5.39538029e+01 1.00905580e+00 1.48856233e+02
 4.86457247e+01 9.73670002e-01 2.47988867e+02 2.17145593e+01
 7.16118784e-01 2.55000000e+02 0.00000000e+00 1.00000000e+00
 2.55000000e+02 0.00000000e+00 1.00000000e+00 2.55000000e+02
 0.00000000e+00 1.00000000e+00 2.55000000e+02 0.00000000e+00
 1.00000000e+00 2.55000000e+02 0.00000000e+00 1.00000000e+00
 2.55000000e+02 0.00000000e+00 1.00000000e+00 2.55000000e+02
 0.00000000e+00 1.00000000e+00 2.55000000e+02 0.00000000e+00
 1.00000000e+00 2.55000000e+02 0.00000000e+00 1.00000000e+00
 2.55000000e+02 0.00000000e+00 1.00000000e+00 2.55000000e+02
 0.00000000e+00 1.00000000e+00 1.91133500e+02 3.72377537e+01
 1.09577068e+00 1.49522300e+02 3.81427902e+01 9.14100778e-01
 1.54157333e+02 3.97947966e+01 8.84412768e-01 1.83436733e+02
 4.85973446e+01 9.58426492e-01 2.54998533e+02 3.26269146e-02
 6.88065189e-01 2.55000000e+02 0.00000000e+00 1.00000000e+00
 2.55000000e+02 0.00000000e+00 1.00000000e+00 2.55000000e+02
 0.00000000e+00 1.00000000e+00 2.55000000e+02 0.00000000e+00
 1.00000000e+00 2.55000000e+02 0.00000000e+00 1.00000000e+00
 2.55000000e+02 0.00000000e+00 1.00000000e+00 2.55000000e+02
 0.00000000e+00 1.00000000e+00 2.55000000e+02 0.00000000e+00
 1.00000000e+00 2.55000000e+02 0.00000000e+00 1.00000000e+00
 2.55000000e+02 0.00000000e+00 1.00000000e+00 2.55000000e+02
 0.00000000e+00 1.00000000e+00 2.26935833e+02 3.37702760e+01
 9.24897347e-01 1.48337567e+02 3.48212505e+01 8.94790945e-01
 1.84083500e+02 3.74902785e+01 1.04317367e+00 2.45333233e+02
 2.16308408e+01 7.82424729e-01 2.55000000e+02 0.00000000e+00
 1.00000000e+00 2.55000000e+02 0.00000000e+00 1.00000000e+00
 2.55000000e+02 0.00000000e+00 1.00000000e+00 2.55000000e+02
 0.00000000e+00 1.00000000e+00 2.55000000e+02 0.00000000e+00
 1.00000000e+00 2.55000000e+02 0.00000000e+00 1.00000000e+00
 2.55000000e+02 0.00000000e+00 1.00000000e+00 2.55000000e+02
 0.00000000e+00 1.00000000e+00 2.55000000e+02 0.00000000e+00
 1.00000000e+00 2.55000000e+02 0.00000000e+00 1.00000000e+00
 2.55000000e+02 0.00000000e+00 1.00000000e+00 2.55000000e+02
 0.00000000e+00 1.00000000e+00 2.54759700e+02 1.76644216e+00
 3.76916117e-01 2.18535267e+02 3.98007834e+01 9.10160660e-01
 2.42889167e+02 2.33659382e+01 8.05865260e-01 2.55000000e+02
 0.00000000e+00 1.00000000e+00 2.55000000e+02 0.00000000e+00
 1.00000000e+00 2.55000000e+02 0.00000000e+00 1.00000000e+00
 2.55000000e+02 0.00000000e+00 1.00000000e+00 2.55000000e+02
 0.00000000e+00 1.00000000e+00 2.55000000e+02 0.00000000e+00
 1.00000000e+00 2.55000000e+02 0.00000000e+00 1.00000000e+00
 2.55000000e+02 0.00000000e+00 1.00000000e+00 2.55000000e+02
 0.00000000e+00 1.00000000e+00 2.55000000e+02 0.00000000e+00
 1.00000000e+00 2.55000000e+02 0.00000000e+00 1.00000000e+00
 2.55000000e+02 0.00000000e+00 1.00000000e+00 2.55000000e+02
 0.00000000e+00 1.00000000e+00 2.55000000e+02 0.00000000e+00
 1.00000000e+00 2.55000000e+02 0.00000000e+00 1.00000000e+00
 2.55000000e+02 0.00000000e+00 1.00000000e+00 2.55000000e+02
 0.00000000e+00 1.00000000e+00 2.55000000e+02 0.00000000e+00
 1.00000000e+00 2.55000000e+02 0.00000000e+00 1.00000000e+00
 2.55000000e+02 0.00000000e+00 1.00000000e+00 2.55000000e+02
 0.00000000e+00 1.00000000e+00 2.55000000e+02 0.00000000e+00
 1.00000000e+00 2.55000000e+02 0.00000000e+00 1.00000000e+00
 2.55000000e+02 0.00000000e+00 1.00000000e+00 2.55000000e+02
 0.00000000e+00 1.00000000e+00 2.55000000e+02 0.00000000e+00
 1.00000000e+00 2.55000000e+02 0.00000000e+00 1.00000000e+00
 2.55000000e+02 0.00000000e+00 1.00000000e+00 2.55000000e+02
 0.00000000e+00 1.00000000e+00 2.55000000e+02 0.00000000e+00
 1.00000000e+00 2.55000000e+02 0.00000000e+00 1.00000000e+00
 2.55000000e+02 0.00000000e+00 1.00000000e+00 2.55000000e+02
 0.00000000e+00 1.00000000e+00 2.55000000e+02 0.00000000e+00
 1.00000000e+00 2.55000000e+02 0.00000000e+00 1.00000000e+00
 2.54996133e+02 9.24062867e-02 3.82163393e-01 2.55000000e+02
 0.00000000e+00 1.00000000e+00 2.55000000e+02 0.00000000e+00
 1.00000000e+00 2.55000000e+02 0.00000000e+00 1.00000000e+00
 2.55000000e+02 0.00000000e+00 1.00000000e+00 2.55000000e+02
 0.00000000e+00 1.00000000e+00 2.55000000e+02 0.00000000e+00
 1.00000000e+00 2.55000000e+02 0.00000000e+00 1.00000000e+00
 2.55000000e+02 0.00000000e+00 1.00000000e+00 2.55000000e+02
 0.00000000e+00 1.00000000e+00 2.55000000e+02 0.00000000e+00
 1.00000000e+00 2.55000000e+02 0.00000000e+00 1.00000000e+00
 2.55000000e+02 0.00000000e+00 1.00000000e+00 2.55000000e+02
 0.00000000e+00 1.00000000e+00 2.55000000e+02 0.00000000e+00
 1.00000000e+00 2.55000000e+02 0.00000000e+00 1.00000000e+00
 2.55000000e+02 0.00000000e+00 1.00000000e+00 2.55000000e+02
 0.00000000e+00 1.00000000e+00 2.55000000e+02 0.00000000e+00
 1.00000000e+00 2.55000000e+02 0.00000000e+00 1.00000000e+00]"
9,"[2.55000000e+02 0.00000000e+00 1.00000000e+00 2.55000000e+02
 0.00000000e+00 1.00000000e+00 2.55000000e+02 0.00000000e+00
 1.00000000e+00 2.55000000e+02 0.00000000e+00 1.00000000e+00
 2.55000000e+02 0.00000000e+00 1.00000000e+00 2.55000000e+02
 0.00000000e+00 1.00000000e+00 2.47902762e+02 1.87643450e+01
 8.57002535e-01 2.09440850e+02 2.22222418e+01 1.09237271e+00
 1.84880238e+02 2.50059305e+01 7.78761418e-01 1.45344325e+02
 1.90835286e+01 6.20282957e+00 1.35101600e+02 2.83561583e+01
 8.04837711e+00 1.84324537e+02 4.40126381e+01 8.85812420e-01
 1.87583713e+02 3.85279984e+01 7.14203866e-01 2.07936375e+02
 3.38018423e+01 6.38403671e-01 2.06243975e+02 2.49599872e+01
 7.87780658e-01 2.45338200e+02 1.57821218e+01 9.54262134e-01
 2.55000000e+02 0.00000000e+00 1.00000000e+00 2.55000000e+02
 0.00000000e+00 1.00000000e+00 2.55000000e+02 0.00000000e+00
 1.00000000e+00 2.55000000e+02 0.00000000e+00 1.00000000e+00
 2.55000000e+02 0.00000000e+00 1.00000000e+00 2.52832337e+02
 5.87361983e+00 8.20191830e-01 2.11344012e+02 2.30833657e+01
 1.08887094e+00 1.95540025e+02 1.91141355e+01 8.15967361e-01
 1.77311300e+02 1.92851767e+01 9.79328468e-01 1.51759750e+02
 2.15094972e+01 9.73501117e-01 1.41174062e+02 1.10513110e+01
 1.07729575e+00 1.73496788e+02 5.02696770e+01 9.04915520e-01
 2.03866125e+02 4.51397078e+01 9.54320675e-01 2.50118375e+02
 9.39001553e+00 5.45875855e-01 2.54904025e+02 5.48012008e-01
 7.66233935e-01 2.55000000e+02 0.00000000e+00 1.00000000e+00
 2.55000000e+02 0.00000000e+00 1.00000000e+00 2.55000000e+02
 0.00000000e+00 1.00000000e+00 2.55000000e+02 0.00000000e+00
 1.00000000e+00 2.55000000e+02 0.00000000e+00 1.00000000e+00
 2.54999088e+02 1.25291597e-02 8.98616291e-01 2.34335588e+02
 2.31004881e+01 9.59017938e-01 2.02419238e+02 2.00448942e+01
 7.63546659e-01 1.60775412e+02 3.09950224e+01 1.01520129e+00
 1.76464112e+02 6.67936162e+00 9.53949262e-01 1.79005388e+02
 7.14831593e+00 9.56386968e-01 1.79189225e+02 2.38877693e+01
 9.38530259e-01 2.11947500e+02 2.35046330e+01 1.00685060e+00
 2.44212975e+02 2.12685189e+01 8.20800429e-01 2.54989575e+02
 4.07119356e-01 7.50360082e-01 2.55000000e+02 0.00000000e+00
 1.00000000e+00 2.55000000e+02 0.00000000e+00 1.00000000e+00
 2.55000000e+02 0.00000000e+00 1.00000000e+00 2.55000000e+02
 0.00000000e+00 1.00000000e+00 2.55000000e+02 0.00000000e+00
 1.00000000e+00 2.55000000e+02 0.00000000e+00 1.00000000e+00
 2.52732450e+02 6.79704820e+00 9.36251304e-01 2.16585950e+02
 2.35271229e+01 9.86964836e-01 1.79680013e+02 3.58211059e+01
 9.48422550e-01 1.60343437e+02 1.60206666e+01 9.60692754e-01
 1.76313700e+02 7.87105825e+00 9.52968382e-01 1.84008112e+02
 7.67995437e+00 9.60760500e-01 2.01065800e+02 1.01876027e+01
 9.64689049e-01 2.30889175e+02 1.83906990e+01 1.02207641e+00
 2.55000000e+02 0.00000000e+00 1.00000000e+00 2.55000000e+02
 0.00000000e+00 1.00000000e+00 2.55000000e+02 0.00000000e+00
 1.00000000e+00 2.55000000e+02 0.00000000e+00 1.00000000e+00
 2.55000000e+02 0.00000000e+00 1.00000000e+00 2.55000000e+02
 0.00000000e+00 1.00000000e+00 2.55000000e+02 0.00000000e+00
 1.00000000e+00 2.55000000e+02 0.00000000e+00 1.00000000e+00
 2.46690175e+02 1.01324907e+01 8.75486351e-01 2.15631700e+02
 3.18161955e+01 9.35458028e-01 1.85406000e+02 2.68354122e+01
 1.00965913e+00 1.63976713e+02 1.81397250e+01 9.75684976e-01
 1.76344638e+02 1.06161906e+01 9.05937169e-01 1.85385050e+02
 1.16976871e+01 8.71584829e-01 2.03752113e+02 1.27218354e+01
 8.72691428e-01 2.40348363e+02 1.69073797e+01 9.52326371e-01
 2.55000000e+02 0.00000000e+00 1.00000000e+00 2.55000000e+02
 0.00000000e+00 1.00000000e+00 2.55000000e+02 0.00000000e+00
 1.00000000e+00 2.55000000e+02 0.00000000e+00 1.00000000e+00
 2.55000000e+02 0.00000000e+00 1.00000000e+00 2.55000000e+02
 0.00000000e+00 1.00000000e+00 2.55000000e+02 0.00000000e+00
 1.00000000e+00 2.55000000e+02 0.00000000e+00 1.00000000e+00
 2.52507325e+02 5.19185578e+00 9.50408478e-01 2.51556450e+02
 1.13033273e+01 8.06813286e-01 2.29170262e+02 3.08994403e+01
 8.93491516e-01 1.82662325e+02 2.39430761e+01 9.01560325e-01
 1.76066875e+02 3.02956024e+01 8.32356414e-01 1.85858087e+02
 3.70163026e+01 8.67730467e-01 1.97481738e+02 3.09825052e+01
 8.29264204e-01 2.49503038e+02 1.19091718e+01 8.57530715e-01
 2.55000000e+02 0.00000000e+00 1.00000000e+00 2.55000000e+02
 0.00000000e+00 1.00000000e+00 2.55000000e+02 0.00000000e+00
 1.00000000e+00 2.55000000e+02 0.00000000e+00 1.00000000e+00
 2.55000000e+02 0.00000000e+00 1.00000000e+00 2.55000000e+02
 0.00000000e+00 1.00000000e+00 2.55000000e+02 0.00000000e+00
 1.00000000e+00 2.55000000e+02 0.00000000e+00 1.00000000e+00
 2.55000000e+02 0.00000000e+00 1.00000000e+00 2.55000000e+02
 0.00000000e+00 1.00000000e+00 2.23876537e+02 3.95197103e+01
 9.21656718e-01 1.69022362e+02 3.37732828e+01 8.87110148e-01
 1.82474963e+02 3.30028126e+01 8.69996742e-01 1.85800913e+02
 4.14550659e+01 9.03479654e-01 2.12717838e+02 3.05674032e+01
 7.89728998e-01 2.54522537e+02 1.75253725e+00 5.60518924e-01
 2.55000000e+02 0.00000000e+00 1.00000000e+00 2.55000000e+02
 0.00000000e+00 1.00000000e+00 2.55000000e+02 0.00000000e+00
 1.00000000e+00 2.55000000e+02 0.00000000e+00 1.00000000e+00
 2.55000000e+02 0.00000000e+00 1.00000000e+00 2.55000000e+02
 0.00000000e+00 1.00000000e+00 2.55000000e+02 0.00000000e+00
 1.00000000e+00 2.55000000e+02 0.00000000e+00 1.00000000e+00
 2.55000000e+02 0.00000000e+00 1.00000000e+00 2.55000000e+02
 0.00000000e+00 1.00000000e+00 2.17097700e+02 3.87684473e+01
 9.71496253e-01 1.73442875e+02 3.55342046e+01 8.66003685e-01
 1.82709562e+02 3.81962656e+01 8.22569105e-01 2.04016600e+02
 2.85466555e+01 9.61954606e-01 2.26597875e+02 2.52243578e+01
 9.75552681e-01 2.54948162e+02 3.70462631e-01 9.27962664e-01
 2.55000000e+02 0.00000000e+00 1.00000000e+00 2.55000000e+02
 0.00000000e+00 1.00000000e+00 2.55000000e+02 0.00000000e+00
 1.00000000e+00 2.55000000e+02 0.00000000e+00 1.00000000e+00
 2.55000000e+02 0.00000000e+00 1.00000000e+00 2.55000000e+02
 0.00000000e+00 1.00000000e+00 2.55000000e+02 0.00000000e+00
 1.00000000e+00 2.55000000e+02 0.00000000e+00 1.00000000e+00
 2.55000000e+02 0.00000000e+00 1.00000000e+00 2.55000000e+02
 0.00000000e+00 1.00000000e+00 2.18581388e+02 4.27286259e+01
 9.21872669e-01 1.65496112e+02 3.54729698e+01 9.36898231e-01
 1.82647388e+02 4.31221664e+01 9.36933114e-01 2.38885812e+02
 2.46578515e+01 7.85823219e-01 2.46829937e+02 1.87016351e+01
 7.97404309e-01 2.55000000e+02 0.00000000e+00 1.00000000e+00
 2.55000000e+02 0.00000000e+00 1.00000000e+00 2.55000000e+02
 0.00000000e+00 1.00000000e+00 2.55000000e+02 0.00000000e+00
 1.00000000e+00 2.55000000e+02 0.00000000e+00 1.00000000e+00
 2.55000000e+02 0.00000000e+00 1.00000000e+00 2.55000000e+02
 0.00000000e+00 1.00000000e+00 2.55000000e+02 0.00000000e+00
 1.00000000e+00 2.55000000e+02 0.00000000e+00 1.00000000e+00
 2.55000000e+02 0.00000000e+00 1.00000000e+00 2.55000000e+02
 0.00000000e+00 1.00000000e+00 2.52210075e+02 1.27432657e+01
 4.82781147e-01 2.16605275e+02 4.16589349e+01 9.27047434e-01
 2.24182900e+02 3.02085710e+01 8.42088326e-01 2.50734338e+02
 9.21204129e+00 9.26297585e-01 2.55000000e+02 0.00000000e+00
 1.00000000e+00 2.55000000e+02 0.00000000e+00 1.00000000e+00
 2.55000000e+02 0.00000000e+00 1.00000000e+00 2.55000000e+02
 0.00000000e+00 1.00000000e+00 2.55000000e+02 0.00000000e+00
 1.00000000e+00 2.55000000e+02 0.00000000e+00 1.00000000e+00
 2.55000000e+02 0.00000000e+00 1.00000000e+00 2.55000000e+02
 0.00000000e+00 1.00000000e+00 2.55000000e+02 0.00000000e+00
 1.00000000e+00 2.55000000e+02 0.00000000e+00 1.00000000e+00
 2.55000000e+02 0.00000000e+00 1.00000000e+00 2.55000000e+02
 0.00000000e+00 1.00000000e+00 2.55000000e+02 0.00000000e+00
 1.00000000e+00 2.53216938e+02 7.90048427e+00 8.62560575e-01
 2.54442338e+02 3.96369350e+00 7.96159863e-01 2.55000000e+02
 0.00000000e+00 1.00000000e+00 2.55000000e+02 0.00000000e+00
 1.00000000e+00 2.55000000e+02 0.00000000e+00 1.00000000e+00
 2.54996813e+02 7.90733781e-02 6.32187576e-01 2.55000000e+02
 0.00000000e+00 1.00000000e+00 2.55000000e+02 0.00000000e+00
 1.00000000e+00 2.55000000e+02 0.00000000e+00 1.00000000e+00
 2.55000000e+02 0.00000000e+00 1.00000000e+00 2.55000000e+02
 0.00000000e+00 1.00000000e+00 2.55000000e+02 0.00000000e+00
 1.00000000e+00 2.55000000e+02 0.00000000e+00 1.00000000e+00
 2.55000000e+02 0.00000000e+00 1.00000000e+00 2.55000000e+02
 0.00000000e+00 1.00000000e+00 2.55000000e+02 0.00000000e+00
 1.00000000e+00 2.55000000e+02 0.00000000e+00 1.00000000e+00
 2.54998687e+02 3.07687316e-02 8.77153519e-01 2.55000000e+02
 0.00000000e+00 1.00000000e+00 2.55000000e+02 0.00000000e+00
 1.00000000e+00 2.55000000e+02 0.00000000e+00 1.00000000e+00
 2.55000000e+02 0.00000000e+00 1.00000000e+00 2.55000000e+02
 0.00000000e+00 1.00000000e+00 2.55000000e+02 0.00000000e+00
 1.00000000e+00 2.55000000e+02 0.00000000e+00 1.00000000e+00]"
