0,"[2.53524686e+02 1.38119992e+00 9.04918708e-01 2.54328000e+02
 6.23430841e-01 9.65086168e-01 2.54136757e+02 6.90567609e-01
 8.47837087e-01 2.54230200e+02 5.53143706e-01 9.11033157e-01
 2.53914729e+02 2.54302612e+00 7.08644681e-01 2.34405871e+02
 1.06969828e+01 9.11393175e-01 2.09260857e+02 9.35255726e+00
 9.81629906e-01 1.39384343e+02 5.24154983e+01 9.92249893e-01
 9.61695714e+01 7.75483804e+00 1.04517847e+00 1.07120829e+02
 1.06140328e+01 1.05270615e+00 1.17895457e+02 3.40627900e+01
 1.18951821e+00 2.26556214e+02 9.30329101e+00 9.14935324e-01
 2.42917243e+02 3.42488930e+00 7.31971373e-01 2.50053814e+02
 2.66306391e+00 9.82588435e-01 2.53297500e+02 8.38930172e-01
 9.69468704e-01 2.53055086e+02 8.82905633e-01 9.07005021e-01
 2.54959557e+02 1.46036922e-01 8.79050910e-01 2.54980743e+02
 8.55710836e-02 8.73627526e-01 2.54936571e+02 1.57206958e-01
 9.16199473e-01 2.54843986e+02 2.29896597e-01 9.52314170e-01
 2.47700200e+02 1.00877041e+01 9.50108868e-01 2.30538057e+02
 1.14213062e+01 8.88591967e-01 2.07996114e+02 8.87053104e+00
 9.52992980e-01 1.44862771e+02 4.99994770e+01 1.00387366e+00
 1.32852500e+02 3.90267714e+01 9.80556261e-01 1.36888914e+02
 3.26717878e+01 9.76550204e-01 1.34695257e+02 4.25949233e+01
 1.03708686e+00 2.29458557e+02 1.05453090e+01 8.54288264e-01
 2.46923243e+02 3.13547785e+00 9.19906321e-01 2.53676557e+02
 9.35985755e-01 9.63066859e-01 2.54326214e+02 3.79447845e-01
 9.91092621e-01 2.54045800e+02 4.78325502e-01 9.93910031e-01
 2.55000000e+02 0.00000000e+00 1.00000000e+00 2.55000000e+02
 0.00000000e+00 1.00000000e+00 2.55000000e+02 0.00000000e+00
 1.00000000e+00 2.55000000e+02 0.00000000e+00 1.00000000e+00
 2.44299943e+02 1.03980059e+01 5.65219232e-01 2.19570871e+02
 1.42966245e+01 8.71563678e-01 2.12063643e+02 8.97730429e+00
 8.92553989e-01 1.78999714e+02 2.54851265e+01 1.03125361e+00
 1.72910071e+02 1.12864348e+01 9.01125776e-01 1.74595629e+02
 1.47299778e+01 9.29965135e-01 1.73314486e+02 2.00745748e+01
 9.33902908e-01 2.14391843e+02 2.78761916e+01 8.86018961e-01
 2.45535886e+02 3.91396297e+00 8.86733692e-01 2.54149886e+02
 9.30718342e-01 9.58242430e-01 2.54858286e+02 2.22832329e-01
 9.50554603e-01 2.54687729e+02 3.33069238e-01 9.69089173e-01
 2.55000000e+02 0.00000000e+00 1.00000000e+00 2.55000000e+02
 0.00000000e+00 1.00000000e+00 2.55000000e+02 0.00000000e+00
 1.00000000e+00 2.54993500e+02 1.02402741e-01 8.78468053e-01
 2.43927629e+02 7.38861667e+00 9.46522375e-01 2.13155100e+02
 1.88423909e+01 1.07962111e+00 2.07148514e+02 1.64185193e+01
 7.07292987e-01 1.69765257e+02 2.04051663e+01 1.11728981e+00
 1.71621043e+02 1.30267537e+01 9.51070945e-01 1.64274214e+02
 1.07854240e+01 9.63734877e-01 1.70467457e+02 1.70937535e+01
 9.49259835e-01 1.91991829e+02 1.98399457e+01 8.89683507e-01
 2.38792943e+02 1.86554956e+01 9.21095040e-01 2.54178443e+02
 1.15410738e+00 9.60610416e-01 2.55000000e+02 0.00000000e+00
 1.00000000e+00 2.54997029e+02 2.88257923e-02 8.07245689e-01
 2.55000000e+02 0.00000000e+00 1.00000000e+00 2.55000000e+02
 0.00000000e+00 1.00000000e+00 2.55000000e+02 0.00000000e+00
 1.00000000e+00 2.52689929e+02 4.78162169e+00 9.29395008e-01
 2.32369986e+02 1.29334834e+01 8.83631377e-01 2.21189186e+02
 1.70783506e+01 1.05416764e+00 2.05483857e+02 2.62326403e+01
 9.25381701e-01 1.67040586e+02 9.18551125e+00 8.84544454e-01
 1.67515471e+02 8.75420093e+00 9.70047709e-01 1.60065771e+02
 1.51466633e+01 9.84000241e-01 1.57455029e+02 1.80838482e+01
 9.05983942e-01 1.68801471e+02 2.51996924e+01 9.17514881e-01
 2.26825643e+02 2.59923434e+01 8.26775029e-01 2.54302814e+02
 1.16380213e+00 9.54715387e-01 2.55000000e+02 0.00000000e+00
 1.00000000e+00 2.55000000e+02 0.00000000e+00 1.00000000e+00
 2.55000000e+02 0.00000000e+00 1.00000000e+00 2.55000000e+02
 0.00000000e+00 1.00000000e+00 2.55000000e+02 0.00000000e+00
 1.00000000e+00 2.47380429e+02 1.04194360e+01 9.75083268e-01
 2.40839514e+02 2.18314346e+01 9.29392028e-01 2.31144557e+02
 5.29201402e+00 9.38942294e-01 2.05737643e+02 3.10916528e+01
 9.85367435e-01 1.71515900e+02 1.92269326e+01 9.48303612e-01
 1.68275843e+02 1.61009822e+01 9.03631376e-01 1.67790343e+02
 1.99774084e+01 9.35693077e-01 1.66800486e+02 2.95451507e+01
 9.29772336e-01 1.54899029e+02 3.05457343e+01 1.00253525e+00
 2.05874557e+02 4.06133139e+01 9.43337814e-01 2.53941729e+02
 1.50595475e+00 9.56978217e-01 2.55000000e+02 0.00000000e+00
 1.00000000e+00 2.55000000e+02 0.00000000e+00 1.00000000e+00
 2.55000000e+02 0.00000000e+00 1.00000000e+00 2.55000000e+02
 0.00000000e+00 1.00000000e+00 2.55000000e+02 0.00000000e+00
 1.00000000e+00 2.55000000e+02 0.00000000e+00 1.00000000e+00
 2.43997286e+02 1.14580090e+01 9.95163076e-01 2.26254614e+02
 4.07262225e+00 9.94629675e-01 1.96111286e+02 3.28854502e+01
 9.97391209e-01 1.56499843e+02 3.16028319e+01 9.45130962e-01
 1.66545757e+02 2.08185068e+01 9.01868820e-01 1.71150686e+02
 2.40229446e+01 9.40552301e-01 1.92197814e+02 2.23012371e+01
 9.53487172e-01 2.10188643e+02 4.70217527e+01 8.91657699e-01
 1.82582100e+02 5.20881218e+01 1.02539675e+00 2.52520743e+02
 8.96754523e+00 5.43987591e-01 2.55000000e+02 0.00000000e+00
 1.00000000e+00 2.55000000e+02 0.00000000e+00 1.00000000e+00
 2.55000000e+02 0.00000000e+00 1.00000000e+00 2.55000000e+02
 0.00000000e+00 1.00000000e+00 2.55000000e+02 0.00000000e+00
 1.00000000e+00 2.53167586e+02 6.34131256e+00 9.15619505e-01
 2.30655143e+02 9.51407786e+00 1.03082054e+00 2.33581571e+02
 9.81566535e+00 8.24966009e-01 1.78459843e+02 3.67717539e+01
 1.01845973e+00 1.60973743e+02 3.08211334e+01 9.58343671e-01
 1.48626829e+02 3.90133111e+01 9.51224091e-01 1.65435043e+02
 3.65866339e+01 9.82546514e-01 1.93530571e+02 1.93577526e+01
 8.49595279e-01 2.46648229e+02 1.09989211e+01 7.98055587e-01
 2.49900386e+02 7.57033808e+00 9.45319474e-01 2.54971800e+02
 5.04903168e-01 8.71380420e-01 2.55000000e+02 0.00000000e+00
 1.00000000e+00 2.55000000e+02 0.00000000e+00 1.00000000e+00
 2.55000000e+02 0.00000000e+00 1.00000000e+00 2.55000000e+02
 0.00000000e+00 1.00000000e+00 2.55000000e+02 0.00000000e+00
 1.00000000e+00 2.47428071e+02 1.32692391e+01 9.65115118e-01
 2.44494857e+02 1.50175449e+01 9.72098611e-01 2.41834857e+02
 1.37705364e+01 9.25534982e-01 2.06710900e+02 4.22070444e+01
 9.62277691e-01 1.77211729e+02 3.82895928e+01 1.06064488e+00
 1.47734014e+02 3.36516837e+01 9.75179659e-01 1.65880614e+02
 3.28500715e+01 1.03843457e+00 1.88042371e+02 3.07084523e+01
 9.70134055e-01 2.44331157e+02 1.65119756e+01 9.03798772e-01
 2.54423343e+02 7.84239558e-01 9.61624768e-01 2.55000000e+02
 0.00000000e+00 1.00000000e+00 2.55000000e+02 0.00000000e+00
 1.00000000e+00 2.55000000e+02 0.00000000e+00 1.00000000e+00
 2.54999371e+02 1.71313295e-02 8.62199878e-01 2.55000000e+02
 0.00000000e+00 1.00000000e+00 2.55000000e+02 0.00000000e+00
 1.00000000e+00 2.55000000e+02 0.00000000e+00 1.00000000e+00
 2.54999429e+02 1.06751667e-02 8.73225299e-01 2.35964300e+02
 1.51056465e+01 5.96922653e-01 2.41942843e+02 1.97292434e+01
 8.70002608e-01 1.89443486e+02 5.04188363e+01 1.01108981e+00
 1.61225029e+02 3.35722172e+01 9.57848454e-01 1.71202214e+02
 3.94748594e+01 1.03412252e+00 2.02809100e+02 4.13132938e+01
 9.02562638e-01 2.44714314e+02 1.56856293e+01 8.35213738e-01
 2.54974314e+02 1.35697139e-01 9.30983317e-01 2.55000000e+02
 0.00000000e+00 1.00000000e+00 2.55000000e+02 0.00000000e+00
 1.00000000e+00 2.54998343e+02 3.81953787e-02 7.29291444e-01
 2.55000000e+02 0.00000000e+00 1.00000000e+00 2.55000000e+02
 0.00000000e+00 1.00000000e+00 2.55000000e+02 0.00000000e+00
 1.00000000e+00 2.55000000e+02 0.00000000e+00 1.00000000e+00
 2.54998571e+02 1.87899235e-02 8.87071771e-01 2.40734314e+02
 1.78396913e+01 9.83784380e-01 2.53014400e+02 6.03056549e+00
 8.94904280e-01 2.37379814e+02 2.26879982e+01 7.33368025e-01
 2.06334243e+02 4.27152220e+01 8.44342210e-01 2.28087486e+02
 4.23843076e+01 7.63788257e-01 2.43088100e+02 2.95401390e+01
 8.33002384e-01 2.53750357e+02 5.85613491e+00 7.33145760e-01
 2.55000000e+02 0.00000000e+00 1.00000000e+00 2.55000000e+02
 0.00000000e+00 1.00000000e+00 2.55000000e+02 0.00000000e+00
 1.00000000e+00 2.54992686e+02 5.05940825e-02 8.29072025e-01
 2.54999086e+02 1.13919413e-02 8.96390904e-01 2.55000000e+02
 0.00000000e+00 1.00000000e+00 2.55000000e+02 0.00000000e+00
 1.00000000e+00 2.55000000e+02 0.00000000e+00 1.00000000e+00
 2.55000000e+02 0.00000000e+00 1.00000000e+00 2.55000000e+02
 0.00000000e+00 1.00000000e+00 2.55000000e+02 0.00000000e+00
 1.00000000e+00 2.52569629e+02 9.42655758e+00 8.99418454e-01
 2.52176771e+02 1.02351079e+01 9.07845310e-01 2.55000000e+02
 0.00000000e+00 1.00000000e+00 2.54999829e+02 5.71171371e-03
 8.60007532e-01 2.54976929e+02 1.27626845e-01 6.82456893e-01
 2.54858957e+02 3.24263044e-01 8.61382914e-01 2.54940157e+02
 1.58793511e-01 6.97016697e-01 2.54976571e+02 9.01374487e-02
 8.92426989e-01 2.54735414e+02 3.19098517e-01 9.63587784e-01]"
1,"[2.55000000e+02 0.00000000e+00 1.00000000e+00 2.55000000e+02
 0.00000000e+00 1.00000000e+00 2.55000000e+02 0.00000000e+00
 1.00000000e+00 2.55000000e+02 0.00000000e+00 1.00000000e+00
 2.55000000e+02 0.00000000e+00 1.00000000e+00 2.55000000e+02
 0.00000000e+00 1.00000000e+00 2.55000000e+02 0.00000000e+00
 1.00000000e+00 2.54612267e+02 1.21208874e+00 6.56943111e-01
 2.20485911e+02 3.42751198e+01 7.74881923e-01 1.47058833e+02
 3.51376314e+01 6.94409456e+00 1.48042778e+02 2.11495219e+01
 9.68679069e-01 1.55509767e+02 1.34401080e+01 1.19372954e+00
 1.57820322e+02 2.09302316e+01 2.96465716e+00 1.89612267e+02
 2.50309432e+01 8.10540377e-01 2.42191378e+02 2.54928406e+01
 6.06692740e-01 2.54983278e+02 4.21671058e-01 7.79688936e-01
 2.55000000e+02 0.00000000e+00 1.00000000e+00 2.55000000e+02
 0.00000000e+00 1.00000000e+00 2.55000000e+02 0.00000000e+00
 1.00000000e+00 2.55000000e+02 0.00000000e+00 1.00000000e+00
 2.55000000e+02 0.00000000e+00 1.00000000e+00 2.55000000e+02
 0.00000000e+00 1.00000000e+00 2.55000000e+02 0.00000000e+00
 1.00000000e+00 2.53568889e+02 3.78249878e+00 7.72282589e-01
 2.35728078e+02 1.42622700e+01 6.99395370e-01 1.98166389e+02
 2.91984151e+01 6.60864046e-01 1.73453567e+02 1.83879315e+01
 1.66289266e+00 1.57067644e+02 1.59360704e+01 8.57493975e+00
 1.74659378e+02 3.84673058e+01 1.11659602e+00 2.41728367e+02
 2.52011793e+01 9.25061283e-01 2.54983133e+02 5.88160753e-01
 6.67230234e-01 2.54999556e+02 1.14631097e-02 7.91738691e-01
 2.55000000e+02 0.00000000e+00 1.00000000e+00 2.55000000e+02
 0.00000000e+00 1.00000000e+00 2.55000000e+02 0.00000000e+00
 1.00000000e+00 2.55000000e+02 0.00000000e+00 1.00000000e+00
 2.55000000e+02 0.00000000e+00 1.00000000e+00 2.55000000e+02
 0.00000000e+00 1.00000000e+00 2.54858967e+02 1.58050434e+00
 6.53424354e-01 2.39587044e+02 2.16839195e+01 8.33944634e-01
 2.30618089e+02 1.11642929e+01 6.70914173e-01 2.24261133e+02
 5.34843432e+00 7.61945831e-01 2.10358844e+02 2.04040925e+01
 9.36073661e-01 1.79518633e+02 3.02494102e+01 1.05780714e+00
 2.31388133e+02 3.45082486e+01 5.99523495e-01 2.54987189e+02
 4.21605108e-01 7.78775438e-01 2.55000000e+02 0.00000000e+00
 1.00000000e+00 2.55000000e+02 0.00000000e+00 1.00000000e+00
 2.55000000e+02 0.00000000e+00 1.00000000e+00 2.55000000e+02
 0.00000000e+00 1.00000000e+00 2.55000000e+02 0.00000000e+00
 1.00000000e+00 2.55000000e+02 0.00000000e+00 1.00000000e+00
 2.55000000e+02 0.00000000e+00 1.00000000e+00 2.55000000e+02
 0.00000000e+00 1.00000000e+00 2.51604200e+02 6.52203635e+00
 7.24561967e-01 2.26527233e+02 1.59191516e+01 8.79583796e-01
 2.13101178e+02 1.59585293e+01 9.81144471e-01 2.17938189e+02
 1.59367204e+01 9.12161912e-01 2.20512656e+02 1.49021706e+01
 7.83864130e-01 2.22238522e+02 2.51961071e+01 9.22723244e-01
 2.47076622e+02 6.01718124e+00 8.05186412e-01 2.55000000e+02
 0.00000000e+00 1.00000000e+00 2.55000000e+02 0.00000000e+00
 1.00000000e+00 2.55000000e+02 0.00000000e+00 1.00000000e+00
 2.55000000e+02 0.00000000e+00 1.00000000e+00 2.55000000e+02
 0.00000000e+00 1.00000000e+00 2.55000000e+02 0.00000000e+00
 1.00000000e+00 2.55000000e+02 0.00000000e+00 1.00000000e+00
 2.55000000e+02 0.00000000e+00 1.00000000e+00 2.54946378e+02
 5.82434350e-01 7.25666321e-01 2.40038367e+02 1.29468295e+01
 9.96292775e-01 2.17264200e+02 1.51421775e+01 9.75690959e-01
 2.07099556e+02 9.09223546e+00 1.03186711e+00 2.11414622e+02
 7.78887285e+00 9.88061362e-01 2.11888867e+02 1.89305523e+01
 9.56371054e-01 2.25870644e+02 6.68002722e+00 9.66818528e-01
 2.41994989e+02 6.27088122e+00 9.78106523e-01 2.54749800e+02
 1.26677553e+00 8.52207051e-01 2.55000000e+02 0.00000000e+00
 1.00000000e+00 2.55000000e+02 0.00000000e+00 1.00000000e+00
 2.55000000e+02 0.00000000e+00 1.00000000e+00 2.55000000e+02
 0.00000000e+00 1.00000000e+00 2.55000000e+02 0.00000000e+00
 1.00000000e+00 2.55000000e+02 0.00000000e+00 1.00000000e+00
 2.54958000e+02 4.23485659e-01 8.14715398e-01 2.50040100e+02
 7.47744770e+00 8.29020934e-01 2.28838922e+02 1.24954661e+01
 9.14824710e-01 2.08311367e+02 1.37674441e+01 9.29011758e-01
 2.05237133e+02 1.31748451e+01 9.48967964e-01 2.01717567e+02
 9.28629647e+00 9.80428922e-01 2.09824822e+02 1.57063494e+01
 9.51810704e-01 2.26882978e+02 1.43491071e+01 9.79761047e-01
 2.31998311e+02 1.03178286e+01 1.00017890e+00 2.54299322e+02
 2.04082639e+00 9.10333151e-01 2.55000000e+02 0.00000000e+00
 1.00000000e+00 2.55000000e+02 0.00000000e+00 1.00000000e+00
 2.55000000e+02 0.00000000e+00 1.00000000e+00 2.55000000e+02
 0.00000000e+00 1.00000000e+00 2.55000000e+02 0.00000000e+00
 1.00000000e+00 2.54941800e+02 5.48764679e-01 8.18466365e-01
 2.49769644e+02 4.68166723e+00 8.86696060e-01 2.34990711e+02
 1.83546982e+01 8.53861005e-01 2.13520656e+02 2.12364191e+01
 9.25040965e-01 2.05206367e+02 1.73116300e+01 9.19681623e-01
 2.05925867e+02 2.14027859e+01 8.62090962e-01 1.83544911e+02
 2.37232687e+01 8.45285340e-01 2.03795633e+02 2.96097885e+01
 8.86138869e-01 2.40056922e+02 1.31863748e+01 8.78107697e-01
 2.29755300e+02 1.45177726e+01 1.01373837e+00 2.52381200e+02
 4.72749925e+00 9.48701084e-01 2.55000000e+02 0.00000000e+00
 1.00000000e+00 2.55000000e+02 0.00000000e+00 1.00000000e+00
 2.55000000e+02 0.00000000e+00 1.00000000e+00 2.55000000e+02
 0.00000000e+00 1.00000000e+00 2.55000000e+02 0.00000000e+00
 1.00000000e+00 2.50324867e+02 6.21592384e+00 9.83371125e-01
 2.46864311e+02 1.07618761e+01 8.22594533e-01 2.11855400e+02
 2.92424066e+01 9.22375348e-01 2.00259889e+02 3.14038395e+01
 9.26946390e-01 2.07006956e+02 2.08425838e+01 9.42806439e-01
 1.94287278e+02 2.88965997e+01 8.57384268e-01 1.95127422e+02
 2.85996788e+01 9.19263019e-01 2.05132222e+02 3.16758090e+01
 9.46351218e-01 2.47467167e+02 9.46046764e+00 9.59159912e-01
 2.40449922e+02 1.85619900e+01 9.80023467e-01 2.43660522e+02
 1.34102475e+01 9.75587956e-01 2.55000000e+02 0.00000000e+00
 1.00000000e+00 2.54997256e+02 5.97098009e-02 7.84893961e-01
 2.55000000e+02 0.00000000e+00 1.00000000e+00 2.55000000e+02
 0.00000000e+00 1.00000000e+00 2.55000000e+02 0.00000000e+00
 1.00000000e+00 2.54824778e+02 1.19012395e+00 8.54235314e-01
 2.34822422e+02 2.04127899e+01 9.80803574e-01 2.13396589e+02
 1.66407915e+01 8.81025242e-01 2.05378667e+02 2.96365094e+01
 8.57698084e-01 1.93571733e+02 2.92691487e+01 9.40967691e-01
 2.02570333e+02 1.86823529e+01 9.33378611e-01 2.13710311e+02
 2.66136151e+01 9.15949233e-01 2.12511822e+02 3.39607245e+01
 9.93938444e-01 2.49357500e+02 9.66195385e+00 9.20568573e-01
 2.55000000e+02 0.00000000e+00 1.00000000e+00 2.54989044e+02
 1.92503905e-01 8.98983089e-01 2.55000000e+02 0.00000000e+00
 1.00000000e+00 2.55000000e+02 0.00000000e+00 1.00000000e+00
 2.55000000e+02 0.00000000e+00 1.00000000e+00 2.55000000e+02
 0.00000000e+00 1.00000000e+00 2.55000000e+02 0.00000000e+00
 1.00000000e+00 2.52499411e+02 5.55386012e+00 9.55627454e-01
 2.40074711e+02 2.20829951e+01 9.28544880e-01 2.28550800e+02
 1.90713363e+01 9.66847030e-01 1.97077244e+02 3.26305039e+01
 9.42491923e-01 1.97510567e+02 3.22739727e+01 9.42348561e-01
 2.16397611e+02 2.53343899e+01 9.49427968e-01 2.45852867e+02
 1.89455187e+01 8.73705631e-01 2.28817478e+02 3.36777489e+01
 8.58564996e-01 2.48766022e+02 1.06260109e+01 8.21972420e-01
 2.55000000e+02 0.00000000e+00 1.00000000e+00 2.55000000e+02
 0.00000000e+00 1.00000000e+00 2.55000000e+02 0.00000000e+00
 1.00000000e+00 2.55000000e+02 0.00000000e+00 1.00000000e+00
 2.55000000e+02 0.00000000e+00 1.00000000e+00 2.55000000e+02
 0.00000000e+00 1.00000000e+00 2.55000000e+02 0.00000000e+00
 1.00000000e+00 2.55000000e+02 0.00000000e+00 1.00000000e+00
 2.53240833e+02 4.05137952e+00 7.33147373e-01 2.15089589e+02
 2.41819278e+01 1.02995880e+00 2.09283056e+02 2.53546840e+01
 8.02850808e-01 2.06717389e+02 2.70018668e+01 8.01114361e-01
 2.25873567e+02 2.47785302e+01 8.52377286e-01 2.54855944e+02
 1.09067307e+00 7.65665796e-01 2.42645811e+02 1.74985785e+01
 9.73157647e-01 2.49948600e+02 9.97744446e+00 9.45093814e-01
 2.55000000e+02 0.00000000e+00 1.00000000e+00 2.55000000e+02
 0.00000000e+00 1.00000000e+00 2.55000000e+02 0.00000000e+00
 1.00000000e+00 2.55000000e+02 0.00000000e+00 1.00000000e+00
 2.55000000e+02 0.00000000e+00 1.00000000e+00 2.55000000e+02
 0.00000000e+00 1.00000000e+00 2.55000000e+02 0.00000000e+00
 1.00000000e+00 2.55000000e+02 0.00000000e+00 1.00000000e+00
 2.54991900e+02 1.10624451e-01 7.03536887e-01 2.38231744e+02
 2.80314705e+01 9.09702848e-01 2.21905500e+02 2.12398381e+01
 9.31654680e-01 2.21352411e+02 2.29432257e+01 8.59800542e-01
 2.53065789e+02 5.12502851e+00 7.33131710e-01 2.54999856e+02
 5.77169552e-03 8.89652157e-01 2.55000000e+02 0.00000000e+00
 1.00000000e+00 2.54998544e+02 4.11333367e-02 7.80285332e-01
 2.55000000e+02 0.00000000e+00 1.00000000e+00 2.55000000e+02
 0.00000000e+00 1.00000000e+00 2.55000000e+02 0.00000000e+00
 1.00000000e+00 2.55000000e+02 0.00000000e+00 1.00000000e+00]"
2,"[2.54748125e+02 2.63331930e-01 9.19750657e-01 2.54850446e+02
 1.49386851e-01 9.90341909e-01 2.52255458e+02 3.60693164e+00
 9.81755234e-01 2.47105738e+02 5.44446159e+00 8.70348233e-01
 2.28835738e+02 1.73628689e+01 9.16407740e-01 2.06890558e+02
 1.77927863e+01 9.90387526e-01 1.95932308e+02 1.17063488e+01
 9.85965607e-01 1.99227762e+02 8.98249858e+00 9.52162830e-01
 2.01490812e+02 1.15223455e+01 9.51060089e-01 2.21733125e+02
 1.67330165e+01 8.38083055e-01 2.47886729e+02 7.75927387e+00
 7.86481433e-01 2.51678021e+02 7.85222406e-01 7.19795726e-01
 2.52639238e+02 1.17545032e+00 9.88030859e-01 2.54136300e+02
 5.92612927e-01 9.74622516e-01 2.54548846e+02 2.76465450e-01
 9.52019645e-01 2.54487092e+02 2.51324914e-01 9.88564439e-01
 2.54996458e+02 2.12039943e-02 9.67659412e-01 2.54208696e+02
 2.12706495e+00 9.51529521e-01 2.50439288e+02 3.38398106e+00
 8.50127761e-01 2.40826779e+02 1.21384394e+01 9.02386336e-01
 2.08771513e+02 2.28498606e+01 8.49192747e-01 1.92969167e+02
 1.50103126e+01 1.00069829e+00 1.93237183e+02 9.35260569e+00
 9.90171420e-01 1.93734604e+02 9.87627437e+00 9.49179040e-01
 1.97468683e+02 1.09426368e+01 9.63618296e-01 2.23892175e+02
 1.37273014e+01 9.24758046e-01 2.44239892e+02 8.38456232e+00
 9.39215551e-01 2.49249875e+02 1.48895044e+00 7.51393147e-01
 2.53114708e+02 1.10043951e+00 9.91890811e-01 2.54709113e+02
 2.26698426e-01 9.86439435e-01 2.54802042e+02 1.80550066e-01
 9.57170172e-01 2.54695800e+02 5.88208841e-01 7.38545407e-01
 2.54675900e+02 1.37326805e+00 9.49207931e-01 2.49140929e+02
 5.41510380e+00 9.53663216e-01 2.41635917e+02 6.38445366e+00
 8.44730493e-01 2.37588671e+02 1.57676763e+01 9.07985794e-01
 1.99775225e+02 2.85735793e+01 9.89122561e-01 1.88655479e+02
 2.03243479e+01 8.98561195e-01 1.95534033e+02 1.45304069e+01
 9.57866403e-01 2.02442229e+02 9.89868641e+00 9.26549155e-01
 1.98892746e+02 9.44592082e+00 9.75414411e-01 2.19654912e+02
 1.30110650e+01 9.65002896e-01 2.41351900e+02 6.30235331e+00
 9.58021735e-01 2.49590442e+02 2.08291430e+00 9.87444313e-01
 2.53710063e+02 8.51809637e-01 9.73497875e-01 2.54923687e+02
 7.11526708e-01 7.35739491e-01 2.54958692e+02 5.96579405e-02
 9.06037544e-01 2.54876283e+02 1.31795338e-01 9.70734435e-01
 2.48816417e+02 5.31858273e+00 9.99356732e-01 2.40869204e+02
 8.94728982e+00 1.00559553e+00 2.41215563e+02 1.21887866e+01
 8.61073042e-01 2.30662142e+02 2.07552432e+01 8.82391170e-01
 2.05223054e+02 2.66197064e+01 9.39530331e-01 1.91797758e+02
 2.46548443e+01 9.04572532e-01 2.05252112e+02 1.60908296e+01
 9.04900133e-01 2.10043104e+02 1.02501781e+01 9.26137979e-01
 2.07009121e+02 9.00333062e+00 9.44542534e-01 2.16299992e+02
 1.54979258e+01 9.39891797e-01 2.42109212e+02 5.16605291e+00
 9.43862976e-01 2.49847896e+02 2.28187927e+00 9.93017754e-01
 2.53695567e+02 1.04311869e+00 9.29003467e-01 2.54978012e+02
 4.84415583e-02 9.90121282e-01 2.54992317e+02 1.92749045e-02
 9.89746636e-01 2.54932617e+02 7.24819198e-02 9.63826006e-01
 2.54880979e+02 1.01655824e+00 9.49274945e-01 2.54612817e+02
 1.99087622e+00 9.07317555e-01 2.48039137e+02 9.28180667e+00
 9.53450921e-01 2.35190742e+02 1.47270965e+01 8.55739738e-01
 2.18577833e+02 2.40087828e+01 8.65108924e-01 1.98043271e+02
 2.57667986e+01 8.94090338e-01 2.06379896e+02 1.52156290e+01
 9.04231447e-01 2.06254046e+02 1.66183481e+01 8.40110682e-01
 1.98292692e+02 2.29192769e+01 8.71082966e-01 2.17544375e+02
 2.33043620e+01 7.92956962e-01 2.41178221e+02 6.20685278e+00
 8.84216396e-01 2.50720867e+02 2.96211522e+00 9.14949411e-01
 2.52261083e+02 1.45774332e+00 9.79737847e-01 2.54799404e+02
 8.55724604e-01 9.39758066e-01 2.55000000e+02 0.00000000e+00
 1.00000000e+00 2.54989088e+02 2.34042223e-02 9.90568204e-01
 2.55000000e+02 0.00000000e+00 1.00000000e+00 2.53836717e+02
 1.31945986e+00 9.97511679e-01 2.52953308e+02 2.88373136e+00
 8.66426044e-01 2.47156250e+02 1.07267712e+01 8.62613963e-01
 2.26677863e+02 2.00827098e+01 8.02897902e-01 2.03656229e+02
 2.66809109e+01 8.53402132e-01 1.83715692e+02 3.89329518e+01
 8.96769415e-01 1.89940425e+02 3.69410684e+01 8.71842691e-01
 2.01587629e+02 2.78099463e+01 9.25421615e-01 2.18160067e+02
 1.90091171e+01 8.42381301e-01 2.36084917e+02 1.19792231e+01
 8.20331091e-01 2.51179662e+02 4.17760670e+00 9.65892694e-01
 2.52960750e+02 1.47155874e+00 1.00175260e+00 2.53209850e+02
 2.14620097e+00 9.97591791e-01 2.55000000e+02 0.00000000e+00
 1.00000000e+00 2.54998775e+02 7.92057360e-03 9.78128897e-01
 2.55000000e+02 0.00000000e+00 1.00000000e+00 2.55000000e+02
 0.00000000e+00 1.00000000e+00 2.55000000e+02 0.00000000e+00
 1.00000000e+00 2.47831775e+02 9.06263779e+00 9.72600794e-01
 2.33005604e+02 2.01736816e+01 7.74170856e-01 1.98600183e+02
 2.58415538e+01 9.01333860e-01 1.82118029e+02 3.25096591e+01
 9.14343045e-01 1.87206500e+02 3.46130334e+01 9.10512718e-01
 2.00909558e+02 2.77149124e+01 9.37404894e-01 2.28546712e+02
 1.64526025e+01 8.48158094e-01 2.41211646e+02 1.07355790e+01
 8.20228262e-01 2.52351496e+02 5.60139010e+00 9.06584465e-01
 2.54970988e+02 1.94284059e-01 9.68797016e-01 2.54930687e+02
 5.17177281e-01 9.76731466e-01 2.55000000e+02 0.00000000e+00
 1.00000000e+00 2.55000000e+02 0.00000000e+00 1.00000000e+00
 2.55000000e+02 0.00000000e+00 1.00000000e+00 2.55000000e+02
 0.00000000e+00 1.00000000e+00 2.54999858e+02 3.67717245e-03
 9.60484253e-01 2.51445554e+02 2.73051590e+00 9.68491073e-01
 2.32149721e+02 2.13137955e+01 8.91122804e-01 2.00342796e+02
 2.68588255e+01 9.66037429e-01 1.95365546e+02 2.62748485e+01
 9.29114206e-01 1.97514787e+02 2.97326619e+01 9.37774996e-01
 2.07392787e+02 2.83236524e+01 9.53352775e-01 2.36987200e+02
 1.02671996e+01 8.95060612e-01 2.46599867e+02 7.05675974e+00
 9.20855140e-01 2.52264771e+02 3.47510305e+00 9.56013702e-01
 2.55000000e+02 0.00000000e+00 1.00000000e+00 2.55000000e+02
 0.00000000e+00 1.00000000e+00 2.55000000e+02 0.00000000e+00
 1.00000000e+00 2.54999254e+02 2.04115466e-02 9.58804750e-01
 2.55000000e+02 0.00000000e+00 1.00000000e+00 2.55000000e+02
 0.00000000e+00 1.00000000e+00 2.54665771e+02 1.32581847e+00
 9.34082841e-01 2.50094413e+02 2.09050058e+00 9.93006712e-01
 2.30496654e+02 2.23534184e+01 8.79474227e-01 2.16572271e+02
 2.75201760e+01 9.62472359e-01 2.08814250e+02 2.55385430e+01
 9.26693062e-01 2.21785450e+02 3.15205394e+01 8.85916338e-01
 2.23690638e+02 2.17682247e+01 8.74769842e-01 2.43934204e+02
 8.52860196e+00 9.53988256e-01 2.51827604e+02 2.58593594e+00
 9.04113978e-01 2.54097171e+02 2.02692776e+00 9.59327491e-01
 2.55000000e+02 0.00000000e+00 1.00000000e+00 2.55000000e+02
 0.00000000e+00 1.00000000e+00 2.54996967e+02 8.73039090e-02
 7.52391432e-01 2.55000000e+02 0.00000000e+00 1.00000000e+00
 2.55000000e+02 0.00000000e+00 1.00000000e+00 2.55000000e+02
 0.00000000e+00 1.00000000e+00 2.53764825e+02 2.96909568e+00
 9.72543521e-01 2.49379092e+02 2.31084947e+00 9.78044203e-01
 2.45086517e+02 1.09233511e+01 7.96745768e-01 2.36484962e+02
 1.62129584e+01 7.67591668e-01 2.30859433e+02 2.40209432e+01
 8.60070389e-01 2.38046146e+02 1.36849501e+01 7.01435193e-01
 2.43825029e+02 1.54863063e+01 8.86961178e-01 2.49698933e+02
 3.77654789e+00 9.45502206e-01 2.54041462e+02 9.28856576e-01
 9.71758842e-01 2.54960196e+02 5.22554121e-02 9.75288036e-01
 2.55000000e+02 0.00000000e+00 1.00000000e+00 2.55000000e+02
 0.00000000e+00 1.00000000e+00 2.55000000e+02 0.00000000e+00
 1.00000000e+00 2.55000000e+02 0.00000000e+00 1.00000000e+00
 2.54999933e+02 1.66533280e-03 9.61419614e-01 2.55000000e+02
 0.00000000e+00 1.00000000e+00 2.54885363e+02 9.76345420e-01
 9.16822393e-01 2.52342412e+02 4.38043256e+00 9.43191573e-01
 2.49022021e+02 4.60568204e+00 9.83553866e-01 2.52014687e+02
 6.91132437e+00 9.40819781e-01 2.47651237e+02 7.27675227e+00
 9.17450022e-01 2.53362246e+02 4.08194608e+00 8.03099808e-01
 2.54087017e+02 1.00561739e+00 9.82399431e-01 2.53908317e+02
 8.93389855e-01 9.83350274e-01 2.54600462e+02 1.66819435e-01
 9.92619427e-01 2.54805108e+02 1.36062246e-01 9.87422875e-01
 2.54967450e+02 4.40257787e-02 9.64412951e-01 2.54997742e+02
 1.14004112e-02 9.79420624e-01 2.55000000e+02 0.00000000e+00
 1.00000000e+00 2.54999362e+02 1.47811993e-02 9.20826112e-01
 2.54999067e+02 7.76144316e-03 9.74546711e-01 2.55000000e+02
 0.00000000e+00 1.00000000e+00 2.54999608e+02 1.04675126e-02
 9.58702527e-01 2.55000000e+02 0.00000000e+00 1.00000000e+00
 2.54997733e+02 6.22256310e-02 8.36187622e-01 2.54999900e+02
 2.76204433e-03 9.59685442e-01 2.54997646e+02 1.14190805e-02
 9.81877477e-01 2.54847008e+02 1.57854304e-01 9.82225846e-01
 2.54492175e+02 1.90550813e-01 9.98570791e-01 2.54208350e+02
 2.14018868e-01 9.98697628e-01 2.54446058e+02 1.78102572e-01
 9.96834655e-01 2.54701808e+02 1.33485853e-01 9.93462117e-01
 2.54842233e+02 1.13582566e-01 9.89470913e-01 2.54965804e+02
 5.33404867e-02 9.45152867e-01 2.54999867e+02 2.35324835e-03
 9.64977416e-01 2.54996833e+02 2.00631416e-02 9.20292408e-01]"
3,"[2.54963533e+02 1.70232675e-01 6.62642392e-01 2.55000000e+02
 0.00000000e+00 1.00000000e+00 2.55000000e+02 0.00000000e+00
 1.00000000e+00 2.55000000e+02 0.00000000e+00 1.00000000e+00
 2.55000000e+02 0.00000000e+00 1.00000000e+00 2.55000000e+02
 0.00000000e+00 1.00000000e+00 2.55000000e+02 0.00000000e+00
 1.00000000e+00 2.55000000e+02 0.00000000e+00 1.00000000e+00
 2.55000000e+02 0.00000000e+00 1.00000000e+00 2.54664233e+02
 4.96905310e-01 8.71736950e-01 2.43329467e+02 3.32926293e+01
 6.27985587e-01 1.64873933e+02 6.78669187e+01 9.71908008e-01
 2.07684233e+02 3.75016496e+01 7.70629660e-01 2.02448933e+02
 2.86879028e+01 9.78271094e-01 1.28304300e+02 3.55748717e+01
 1.03642617e+00 9.28023667e+01 2.86846407e+01 1.11510139e+00
 2.55000000e+02 0.00000000e+00 1.00000000e+00 2.55000000e+02
 0.00000000e+00 1.00000000e+00 2.55000000e+02 0.00000000e+00
 1.00000000e+00 2.55000000e+02 0.00000000e+00 1.00000000e+00
 2.55000000e+02 0.00000000e+00 1.00000000e+00 2.55000000e+02
 0.00000000e+00 1.00000000e+00 2.55000000e+02 0.00000000e+00
 1.00000000e+00 2.55000000e+02 0.00000000e+00 1.00000000e+00
 2.54989233e+02 2.58923105e-01 3.58920265e-02 2.53169633e+02
 9.71505105e+00 4.84125645e-01 2.02792933e+02 4.56359949e+01
 9.11020560e-01 1.64858367e+02 6.12036039e+01 9.16320582e-01
 1.32091200e+02 6.85847365e+01 1.00258041e+00 1.53022600e+02
 4.53068788e+01 9.18932240e-01 1.38348533e+02 3.22847230e+01
 9.92439847e-01 1.02559800e+02 5.12291106e+01 1.08099376e+00
 2.55000000e+02 0.00000000e+00 1.00000000e+00 2.55000000e+02
 0.00000000e+00 1.00000000e+00 2.55000000e+02 0.00000000e+00
 1.00000000e+00 2.55000000e+02 0.00000000e+00 1.00000000e+00
 2.55000000e+02 0.00000000e+00 1.00000000e+00 2.55000000e+02
 0.00000000e+00 1.00000000e+00 2.55000000e+02 0.00000000e+00
 1.00000000e+00 2.55000000e+02 0.00000000e+00 1.00000000e+00
 2.54863967e+02 1.76188372e+00 9.69320700e-02 2.22862967e+02
 2.59250580e+01 1.00378769e+00 2.13775167e+02 7.10345238e+00
 9.55960908e-01 2.02334333e+02 8.97511670e+00 9.53259816e-01
 1.94764633e+02 3.75921699e+01 7.89528695e-01 1.84677100e+02
 3.78862499e+01 8.29211916e-01 1.48253567e+02 4.13161517e+01
 9.44154588e-01 1.81502467e+02 5.72792868e+01 8.51968373e-01
 2.55000000e+02 0.00000000e+00 1.00000000e+00 2.55000000e+02
 0.00000000e+00 1.00000000e+00 2.55000000e+02 0.00000000e+00
 1.00000000e+00 2.55000000e+02 0.00000000e+00 1.00000000e+00
 2.55000000e+02 0.00000000e+00 1.00000000e+00 2.55000000e+02
 0.00000000e+00 1.00000000e+00 2.55000000e+02 0.00000000e+00
 1.00000000e+00 2.55000000e+02 0.00000000e+00 1.00000000e+00
 2.35819333e+02 2.34689864e+01 9.34080178e-01 2.15913633e+02
 9.46710554e+00 9.55979176e-01 2.01547867e+02 8.82870301e+00
 9.89330912e-01 2.09005300e+02 1.07493140e+01 9.75970573e-01
 2.00979167e+02 7.85593283e+00 1.00103975e+00 2.04968933e+02
 6.88650607e+00 1.00137658e+00 1.63991033e+02 3.27708260e+01
 9.31838434e-01 2.11979000e+02 2.96941983e+00 9.82820814e-01
 2.55000000e+02 0.00000000e+00 1.00000000e+00 2.55000000e+02
 0.00000000e+00 1.00000000e+00 2.55000000e+02 0.00000000e+00
 1.00000000e+00 2.55000000e+02 0.00000000e+00 1.00000000e+00
 2.55000000e+02 0.00000000e+00 1.00000000e+00 2.55000000e+02
 0.00000000e+00 1.00000000e+00 2.55000000e+02 0.00000000e+00
 1.00000000e+00 2.50885467e+02 1.14570977e+01 6.48493109e-01
 2.15867633e+02 1.52329694e+01 1.04726830e+00 2.05100367e+02
 9.92322750e+00 9.24794178e-01 2.13704433e+02 1.10307221e+01
 9.17888188e-01 2.20276567e+02 9.28989611e+00 8.73526470e-01
 2.09494033e+02 9.69503910e+00 9.65601603e-01 2.02570167e+02
 7.71695395e+00 9.50778626e-01 1.74172333e+02 2.36596647e+01
 9.01904687e-01 2.08413900e+02 3.05140584e+01 7.65420569e-01
 2.55000000e+02 0.00000000e+00 1.00000000e+00 2.55000000e+02
 0.00000000e+00 1.00000000e+00 2.55000000e+02 0.00000000e+00
 1.00000000e+00 2.55000000e+02 0.00000000e+00 1.00000000e+00
 2.55000000e+02 0.00000000e+00 1.00000000e+00 2.55000000e+02
 0.00000000e+00 1.00000000e+00 2.52060600e+02 6.17303949e+00
 9.46102717e-01 2.21743733e+02 2.35832024e+01 9.92349467e-01
 1.99008333e+02 3.22167478e+01 9.42803479e-01 2.08050000e+02
 7.69479056e+00 9.41179629e-01 2.10822100e+02 1.24542633e+01
 9.21045000e-01 2.20428833e+02 1.05868041e+01 9.30305869e-01
 2.06558433e+02 1.25257051e+01 9.10902693e-01 1.71459667e+02
 3.28646920e+01 8.62966489e-01 1.85493967e+02 1.13614138e+01
 9.01815825e-01 2.03831067e+02 3.86851351e+01 8.50643117e-01
 2.55000000e+02 0.00000000e+00 1.00000000e+00 2.55000000e+02
 0.00000000e+00 1.00000000e+00 2.55000000e+02 0.00000000e+00
 1.00000000e+00 2.55000000e+02 0.00000000e+00 1.00000000e+00
 2.55000000e+02 0.00000000e+00 1.00000000e+00 2.53693333e+02
 4.32267664e+00 9.08049780e-01 2.29145100e+02 2.47189615e+01
 9.03403854e-01 2.08129267e+02 3.52543925e+01 9.69162954e-01
 2.06601733e+02 2.78641753e+01 1.00808821e+00 1.89657333e+02
 3.30374978e+01 8.44474091e-01 2.11596100e+02 9.01431613e+00
 9.42744940e-01 2.07377533e+02 1.03482679e+01 8.97295728e-01
 1.86093667e+02 3.14049124e+01 9.48603909e-01 1.95552667e+02
 3.16821887e+01 9.11205485e-01 1.76711833e+02 1.92937210e+01
 9.04012677e-01 2.20148733e+02 2.34815222e+01 6.42668253e-01
 2.55000000e+02 0.00000000e+00 1.00000000e+00 2.55000000e+02
 0.00000000e+00 1.00000000e+00 2.55000000e+02 0.00000000e+00
 1.00000000e+00 2.55000000e+02 0.00000000e+00 1.00000000e+00
 2.55000000e+02 0.00000000e+00 1.00000000e+00 2.49615333e+02
 1.03141181e+01 9.41981695e-01 2.20570867e+02 3.50039723e+01
 9.45374799e-01 2.18646967e+02 3.54773552e+01 9.67670237e-01
 1.85802633e+02 3.18059266e+01 9.11374735e-01 1.81625867e+02
 3.20152587e+01 8.76063709e-01 1.86324367e+02 2.98052377e+01
 9.05829353e-01 1.82530633e+02 2.76495321e+01 9.80745508e-01
 2.20139267e+02 2.14628754e+01 7.10694049e-01 1.90743233e+02
 3.51161155e+01 9.99311107e-01 1.67018367e+02 2.61258854e+01
 9.85313456e-01 2.33642200e+02 1.71786406e+01 9.29126173e-01
 2.55000000e+02 0.00000000e+00 1.00000000e+00 2.55000000e+02
 0.00000000e+00 1.00000000e+00 2.55000000e+02 0.00000000e+00
 1.00000000e+00 2.55000000e+02 0.00000000e+00 1.00000000e+00
 2.55000000e+02 0.00000000e+00 1.00000000e+00 2.55000000e+02
 0.00000000e+00 1.00000000e+00 2.46169033e+02 2.35075794e+01
 7.58106116e-01 2.01884933e+02 2.93668197e+01 1.02093913e+00
 1.80428267e+02 3.38685699e+01 9.38998396e-01 1.80641333e+02
 3.70176516e+01 8.94866602e-01 1.95329733e+02 1.89036757e+01
 9.45700415e-01 2.13351533e+02 2.86310029e+01 8.02978463e-01
 2.35915033e+02 5.59411909e+00 1.07374146e+00 2.04169767e+02
 4.22365001e+01 9.96628429e-01 1.94109533e+02 3.22114615e+01
 1.03924498e+00 2.43026700e+02 4.72972115e+00 7.27462051e-01
 2.55000000e+02 0.00000000e+00 1.00000000e+00 2.55000000e+02
 0.00000000e+00 1.00000000e+00 2.55000000e+02 0.00000000e+00
 1.00000000e+00 2.55000000e+02 0.00000000e+00 1.00000000e+00
 2.55000000e+02 0.00000000e+00 1.00000000e+00 2.55000000e+02
 0.00000000e+00 1.00000000e+00 2.26214867e+02 3.22628250e+01
 9.39225903e-01 1.79876267e+02 3.59825678e+01 9.13510752e-01
 1.74499800e+02 3.09443035e+01 9.18028653e-01 1.85556100e+02
 2.79902318e+01 9.14638495e-01 1.91761100e+02 3.42675532e+01
 9.35189146e-01 2.32628333e+02 1.24007134e+01 9.37112749e-01
 2.45719733e+02 5.38020003e+00 8.45454436e-01 2.44255733e+02
 2.76644929e+01 6.90734784e-01 2.33823567e+02 3.69054742e+01
 8.36013581e-01 2.51131333e+02 2.76440352e+00 6.84321597e-01
 2.55000000e+02 0.00000000e+00 1.00000000e+00 2.55000000e+02
 0.00000000e+00 1.00000000e+00 2.55000000e+02 0.00000000e+00
 1.00000000e+00 2.55000000e+02 0.00000000e+00 1.00000000e+00
 2.55000000e+02 0.00000000e+00 1.00000000e+00 2.55000000e+02
 0.00000000e+00 1.00000000e+00 2.48832767e+02 2.03081875e+01
 6.70718591e-01 1.78261500e+02 2.98856282e+01 1.05821340e+00
 1.83999633e+02 4.00904633e+01 9.86679629e-01 2.06318833e+02
 4.63323960e+01 9.70887175e-01 2.22898367e+02 2.49553351e+01
 1.01773003e+00 2.43248200e+02 5.83092238e+00 8.80314121e-01
 2.49898300e+02 2.62652919e+00 9.72144691e-01 2.52500633e+02
 9.96638699e-01 9.37810773e-01 2.53775867e+02 5.92122195e-01
 9.83257017e-01 2.53483100e+02 7.24853365e-01 8.50559468e-01
 2.55000000e+02 0.00000000e+00 1.00000000e+00 2.55000000e+02
 0.00000000e+00 1.00000000e+00 2.55000000e+02 0.00000000e+00
 1.00000000e+00 2.55000000e+02 0.00000000e+00 1.00000000e+00
 2.55000000e+02 0.00000000e+00 1.00000000e+00 2.54999200e+02
 1.63103239e-02 7.06574780e-01 2.54936800e+02 1.43159917e+00
 2.96628843e-02 2.43914267e+02 3.34584287e+01 7.43503629e-01
 2.53140667e+02 1.13385631e+01 6.49855879e-01 2.34746067e+02
 1.79118211e+01 9.74996294e-01 2.48850867e+02 8.61776868e+00
 8.65414738e-01 2.47975700e+02 2.21144437e+00 6.69552173e-01
 2.48397700e+02 1.71853560e+00 8.37895886e-01 2.52742200e+02
 1.44617364e+00 9.37589138e-01 2.54292967e+02 4.01363619e-01
 9.85293640e-01 2.53207067e+02 8.94437178e-01 9.15408977e-01]"
4,"[2.54999371e+02 2.27590036e-02 8.58268439e-01 2.55000000e+02
 0.00000000e+00 1.00000000e+00 2.55000000e+02 0.00000000e+00
 1.00000000e+00 2.55000000e+02 0.00000000e+00 1.00000000e+00
 2.55000000e+02 0.00000000e+00 1.00000000e+00 2.55000000e+02
 0.00000000e+00 1.00000000e+00 2.55000000e+02 0.00000000e+00
 1.00000000e+00 2.55000000e+02 0.00000000e+00 1.00000000e+00
 2.54303443e+02 1.67831868e+00 8.39180403e-01 2.20914014e+02
 3.14290559e+01 6.63800342e-01 1.59686800e+02 5.60071418e+01
 1.03250740e+00 1.19885057e+02 2.75102552e+01 1.08954816e+00
 1.02405114e+02 2.62683455e+01 9.23767698e-01 1.08565343e+02
 5.17889686e+01 1.00218132e+00 1.74862486e+02 2.23461450e+01
 9.03097730e-01 1.85502014e+02 7.83033520e+00 9.49081301e-01
 2.55000000e+02 0.00000000e+00 1.00000000e+00 2.55000000e+02
 0.00000000e+00 1.00000000e+00 2.55000000e+02 0.00000000e+00
 1.00000000e+00 2.55000000e+02 0.00000000e+00 1.00000000e+00
 2.55000000e+02 0.00000000e+00 1.00000000e+00 2.55000000e+02
 0.00000000e+00 1.00000000e+00 2.55000000e+02 0.00000000e+00
 1.00000000e+00 2.54909186e+02 9.50238683e-01 7.60671029e-01
 2.45614214e+02 9.44411472e+00 5.13183264e-01 2.17536800e+02
 2.98996108e+01 9.11721307e-01 1.93255229e+02 1.51869578e+01
 9.22088637e-01 1.97368243e+02 2.35174364e+01 8.83813037e-01
 1.61408871e+02 4.77543299e+01 1.08892769e+00 1.73558757e+02
 3.56627087e+01 9.19647238e-01 1.81072729e+02 1.27142258e+01
 1.07034341e+00 2.12937786e+02 3.44094898e+01 1.01347348e+00
 2.55000000e+02 0.00000000e+00 1.00000000e+00 2.55000000e+02
 0.00000000e+00 1.00000000e+00 2.55000000e+02 0.00000000e+00
 1.00000000e+00 2.55000000e+02 0.00000000e+00 1.00000000e+00
 2.55000000e+02 0.00000000e+00 1.00000000e+00 2.55000000e+02
 0.00000000e+00 1.00000000e+00 2.55000000e+02 0.00000000e+00
 1.00000000e+00 2.48602600e+02 7.93621145e+00 9.81651531e-01
 2.35195243e+02 1.98488760e+01 8.14574443e-01 2.06141414e+02
 1.36964422e+01 9.81775097e-01 1.93147071e+02 8.05916075e+00
 1.01941784e+00 1.93083486e+02 9.93520930e+00 9.78035301e-01
 2.12668229e+02 9.87348722e+00 1.01769546e+00 2.25426800e+02
 3.08459782e+01 8.57289899e-01 2.29676457e+02 3.57718262e+01
 9.65037945e-01 2.55000000e+02 0.00000000e+00 1.00000000e+00
 2.55000000e+02 0.00000000e+00 1.00000000e+00 2.55000000e+02
 0.00000000e+00 1.00000000e+00 2.55000000e+02 0.00000000e+00
 1.00000000e+00 2.55000000e+02 0.00000000e+00 1.00000000e+00
 2.55000000e+02 0.00000000e+00 1.00000000e+00 2.55000000e+02
 0.00000000e+00 1.00000000e+00 2.53402729e+02 5.12749485e+00
 9.22954862e-01 2.42195214e+02 1.38011034e+01 9.16252514e-01
 2.26450514e+02 1.73785566e+01 9.55787659e-01 2.15637529e+02
 8.16746796e+00 9.40021600e-01 2.02465929e+02 1.00766979e+01
 9.65347415e-01 1.83521543e+02 8.40746997e+00 1.01076619e+00
 1.96177986e+02 1.15740337e+01 9.78121627e-01 2.31204071e+02
 1.35993427e+01 9.52323662e-01 2.54175271e+02 3.45819270e+00
 7.26655193e-01 2.55000000e+02 0.00000000e+00 1.00000000e+00
 2.55000000e+02 0.00000000e+00 1.00000000e+00 2.55000000e+02
 0.00000000e+00 1.00000000e+00 2.55000000e+02 0.00000000e+00
 1.00000000e+00 2.55000000e+02 0.00000000e+00 1.00000000e+00
 2.55000000e+02 0.00000000e+00 1.00000000e+00 2.54416286e+02
 3.03019045e+00 8.76302365e-01 2.45873171e+02 9.79485356e+00
 8.38686924e-01 2.29915157e+02 1.21906087e+01 8.17295378e-01
 2.22781986e+02 1.30722864e+01 1.00922373e+00 2.22520143e+02
 8.18637184e+00 9.78613398e-01 2.17929257e+02 9.60860380e+00
 9.30945442e-01 1.97319371e+02 1.41093685e+01 9.14942343e-01
 1.81645386e+02 1.39331177e+01 9.66859578e-01 2.05072514e+02
 2.09027600e+01 9.85873004e-01 2.49993171e+02 7.46008739e+00
 7.94775222e-01 2.55000000e+02 0.00000000e+00 1.00000000e+00
 2.55000000e+02 0.00000000e+00 1.00000000e+00 2.55000000e+02
 0.00000000e+00 1.00000000e+00 2.55000000e+02 0.00000000e+00
 1.00000000e+00 2.55000000e+02 0.00000000e+00 1.00000000e+00
 2.54595714e+02 2.58961935e+00 8.54279691e-01 2.47218514e+02
 5.53588358e+00 1.00525505e+00 2.37073343e+02 1.52650716e+01
 9.97542283e-01 2.20213286e+02 3.13105158e+01 8.73657369e-01
 2.07218171e+02 1.78098051e+01 9.53591385e-01 2.14063414e+02
 1.08409888e+01 8.84487164e-01 2.15518043e+02 1.19877920e+01
 9.35807308e-01 2.04122200e+02 1.76540094e+01 9.20293575e-01
 2.02808486e+02 3.72140279e+01 9.41094812e-01 1.95101229e+02
 3.56063591e+01 9.75021587e-01 2.40596471e+02 1.55878447e+01
 8.74104788e-01 2.55000000e+02 0.00000000e+00 1.00000000e+00
 2.55000000e+02 0.00000000e+00 1.00000000e+00 2.55000000e+02
 0.00000000e+00 1.00000000e+00 2.55000000e+02 0.00000000e+00
 1.00000000e+00 2.55000000e+02 0.00000000e+00 1.00000000e+00
 2.46577100e+02 8.12176652e+00 9.97150984e-01 2.45006943e+02
 1.52820428e+01 9.20121179e-01 2.36192700e+02 1.36014655e+01
 7.22099146e-01 2.11372671e+02 3.64016231e+01 9.57604640e-01
 1.90758200e+02 3.62615934e+01 8.40223268e-01 1.99924286e+02
 2.42930727e+01 8.95322119e-01 2.07870486e+02 1.70335515e+01
 9.27323526e-01 2.22202186e+02 2.50434372e+01 9.09865899e-01
 2.45679800e+02 2.30528158e+01 5.87883988e-01 1.93218986e+02
 3.34350120e+01 9.92420838e-01 2.18420229e+02 2.35002526e+01
 9.55262023e-01 2.52616929e+02 5.90220343e+00 9.30789563e-01
 2.55000000e+02 0.00000000e+00 1.00000000e+00 2.55000000e+02
 0.00000000e+00 1.00000000e+00 2.55000000e+02 0.00000000e+00
 1.00000000e+00 2.55000000e+02 0.00000000e+00 1.00000000e+00
 2.54130000e+02 3.73982024e+00 8.89720288e-01 2.42245343e+02
 1.48092841e+01 8.38861336e-01 2.31633100e+02 1.91945982e+01
 8.60269838e-01 2.03045900e+02 3.19053966e+01 9.55732493e-01
 1.95972714e+02 3.32470977e+01 9.02222176e-01 1.88044114e+02
 4.14792467e+01 8.74076673e-01 2.09435757e+02 2.11367993e+01
 9.86347004e-01 2.46536114e+02 1.07435374e+01 7.80437161e-01
 2.49235571e+02 1.43586009e+01 8.76300345e-01 2.08695600e+02
 2.28301395e+01 9.74900055e-01 2.35630386e+02 2.66268353e+01
 8.72175520e-01 2.54020900e+02 4.57727202e+00 7.53710494e-01
 2.55000000e+02 0.00000000e+00 1.00000000e+00 2.55000000e+02
 0.00000000e+00 1.00000000e+00 2.55000000e+02 0.00000000e+00
 1.00000000e+00 2.55000000e+02 0.00000000e+00 1.00000000e+00
 2.55000000e+02 0.00000000e+00 1.00000000e+00 2.53374900e+02
 6.76588909e+00 8.41872710e-01 2.19800443e+02 1.58416011e+01
 1.06940561e+00 2.25054086e+02 2.81903617e+01 9.08197531e-01
 1.91137129e+02 2.96269733e+01 8.73095344e-01 1.91700943e+02
 3.15191996e+01 8.44812292e-01 2.16492414e+02 2.56206455e+01
 9.48944920e-01 2.53878629e+02 3.06374745e+00 9.28286183e-01
 2.53813043e+02 6.05345423e+00 7.40565709e-01 2.18926871e+02
 1.78749929e+01 1.04378594e+00 2.50133157e+02 8.70517860e+00
 9.33408471e-01 2.55000000e+02 0.00000000e+00 1.00000000e+00
 2.55000000e+02 0.00000000e+00 1.00000000e+00 2.55000000e+02
 0.00000000e+00 1.00000000e+00 2.55000000e+02 0.00000000e+00
 1.00000000e+00 2.55000000e+02 0.00000000e+00 1.00000000e+00
 2.55000000e+02 0.00000000e+00 1.00000000e+00 2.43898843e+02
 2.17316747e+01 8.59789846e-01 2.19429714e+02 2.66619068e+01
 1.02580743e+00 2.23678857e+02 2.39626767e+01 8.86668600e-01
 2.02688500e+02 3.42210167e+01 9.73124770e-01 2.01255286e+02
 2.92746108e+01 1.10102519e+00 2.38442014e+02 2.13510545e+01
 7.69675807e-01 2.55000000e+02 0.00000000e+00 1.00000000e+00
 2.55000000e+02 0.00000000e+00 1.00000000e+00 2.54748643e+02
 2.40586992e+00 6.79640336e-01 2.54956200e+02 6.55071145e-01
 7.43966197e-01 2.55000000e+02 0.00000000e+00 1.00000000e+00
 2.55000000e+02 0.00000000e+00 1.00000000e+00 2.55000000e+02
 0.00000000e+00 1.00000000e+00 2.55000000e+02 0.00000000e+00
 1.00000000e+00 2.55000000e+02 0.00000000e+00 1.00000000e+00
 2.55000000e+02 0.00000000e+00 1.00000000e+00 2.55000000e+02
 0.00000000e+00 1.00000000e+00 2.40555329e+02 2.29615100e+01
 8.55161389e-01 2.13930243e+02 2.34328356e+01 1.04113103e+00
 2.26169429e+02 1.93110874e+01 7.83172059e-01 2.31573700e+02
 2.21043428e+01 8.01078077e-01 2.52555329e+02 4.48304760e+00
 9.59258576e-01 2.55000000e+02 0.00000000e+00 1.00000000e+00
 2.55000000e+02 0.00000000e+00 1.00000000e+00 2.55000000e+02
 0.00000000e+00 1.00000000e+00 2.55000000e+02 0.00000000e+00
 1.00000000e+00 2.55000000e+02 0.00000000e+00 1.00000000e+00
 2.55000000e+02 0.00000000e+00 1.00000000e+00 2.55000000e+02
 0.00000000e+00 1.00000000e+00 2.55000000e+02 0.00000000e+00
 1.00000000e+00 2.55000000e+02 0.00000000e+00 1.00000000e+00
 2.55000000e+02 0.00000000e+00 1.00000000e+00 2.55000000e+02
 0.00000000e+00 1.00000000e+00 2.50924214e+02 1.29591803e+01
 7.48217229e-01 2.43887686e+02 2.49497147e+01 8.59611890e-01
 2.39609700e+02 1.82546493e+01 9.75847928e-01 2.48723443e+02
 1.19032370e+01 5.87569969e-01 2.54985329e+02 2.59801490e-01
 7.33072928e-01 2.55000000e+02 0.00000000e+00 1.00000000e+00
 2.55000000e+02 0.00000000e+00 1.00000000e+00 2.55000000e+02
 0.00000000e+00 1.00000000e+00 2.55000000e+02 0.00000000e+00
 1.00000000e+00 2.55000000e+02 0.00000000e+00 1.00000000e+00]"
